USE CambiaNome;
INSERT INTO country (CountryID, CountryName)
	VALUES
		("IT", 	"Italy"),
		("FR",	"France"),
		("DE",	"Germany")
    ;
  
INSERT INTO customer (CustomerID, NameCustomer, SurnameCustomer, CountryID, Sex)
	VALUES
(1, "Francesca", "Amerio", "IT", "F"),
(2, "Giulia", "Barbero", "IT", "F"),
(3, "Roberto", "Bianco", "IT", "M"),
(4, "Salvatore", "Binello", "IT", "M"),
(5, "Maria", "Cerrato", "IT", "F"),
(6, "Antonio", "Conti", "IT", "M"),
(7, "Francesco", "Fassio", "IT", "M"),
(8, "Andrea", "Ferrero", "IT", "M"),
(9, "Giovanni", "Gallo", "IT", "M"),
(10, "Fabio", "Gamba", "IT", "M"),
(11, "Matteo", "Grasso", "IT", "M"),
(12, "Luigi", "Graziano", "IT", "M"),
(13, "Davide", "Marino", "IT", "M"),
(14, "Giuseppe", "Musso", "IT", "M"),
(15, "Mario", "Negro", "IT", "M"),
(16, "Paola", "Nosenzo", "IT", "F"),
(17, "Luca", "Raviola", "IT", "M"),
(18, "Alessandro", "Rosso", "IT", "M"),
(19, "Anna", "Seferovic", "IT", "F"),
(20, "Paolo", "Torchio", "IT", "M"),
(21, "Marco", "Viarengo", "IT", "M"),
(22, "Louna", "Andre", "FR", "F"),
(23, "Lou", "Bernard", "FR", "F"),
(24, "Romane", "Bertrand", "FR", "F"),
(25, "Ava", "Blanchard", "FR", "F"),
(26, "Naël", "David", "FR", "M"),
(27, "Gabriel", "Dubois", "FR", "M"),
(28, "Mila", "Dufour", "FR", "F"),
(29, "Adam", "Durand", "FR", "M"),
(30, "Charlotte", "Fournier", "FR", "F"),
(31, "Luna", "Garcia", "FR", "F"),
(32, "Rayan", "Girard", "FR", "M"),
(33, "Antoine", "Jean", "FR", "M"),
(34, "Arthur", "Laurent", "FR", "M"),
(35, "Inaya", "Lefebvre", "FR", "F"),
(36, "Robin", "Lefevre", "FR", "M"),
(37, "Victoria", "Leroy", "FR", "F"),
(38, "Alexandre", "Marchand", "FR", "M"),
(39, "Julia", "Martin", "FR", "F"),
(40, "Léna", "Meunier", "FR", "F"),
(41, "Léo", "Michel", "FR", "M"),
(42, "Ethan", "Morel", "FR", "M"),
(43, "Louna", "Perez", "FR", "F"),
(44, "Alma", "Petit", "FR", "F"),
(45, "Jules", "Richard", "FR", "M"),
(46, "Noah", "Robert", "FR", "M"),
(47, "Lucas", "Roux", "FR", "M"),
(48, "Adèle", "Simon", "FR", "F"),
(49, "Louis", "Thomas", "FR", "M"),
(50, "Lucie", "Vincent", "FR", "F"),
(51, "Dieter", "Bauer", "DE", "M"),
(52, "Ireen", "Beck", "DE", "F"),
(53, "Hans", "Becker", "DE", "M"),
(54, "Gesine", "Berger", "DE", "F"),
(55, "Christian", "Braun", "DE", "M"),
(56, "Thomas", "Fischer", "DE", "M"),
(57, "Cecilie", "Fuchs", "DE", "F"),
(58, "Filiberta", "Günther", "DE", "F"),
(59, "Eberhild", "Hahn", "DE", "F"),
(60, "Uwe", "Hartmann", "DE", "M"),
(61, "Amarante", "Herrmann", "DE", "F"),
(62, "Cella", "Peters", "DE", "F"),
(63, "Franz", "Hofmann", "DE", "M"),
(64, "Blanche", "Huber", "DE", "F"),
(65, "Eberhande", "Jung", "DE", "F"),
(66, "Carsta", "Kaiser", "DE", "F"),
(67, "Fiene", "Keller", "DE", "F"),
(68, "Josef", "Klein", "DE", "M"),
(69, "Gerhard", "Koch", "DE", "M"),
(70, "Amanta", "Köhler", "DE", "F"),
(71, "Amaryllis", "Körtig", "DE", "F"),
(72, "Ralf", "Krause", "DE", "M"),
(73, "Stefan", "Krüger", "DE", "M"),
(74, "Dietlind", "Lang", "DE", "F"),
(75, "Georg", "Lange", "DE", "M"),
(76, "Kurt", "Lehmann", "DE", "M"),
(77, "Johanna", "Lorenz", "DE", "F"),
(78, "Amanda", "Maier", "DE", "F"),
(79, "Brigit", "Mayer", "DE", "F"),
(80, "Johannes", "Meier", "DE", "M"),
(81, "Klaus", "Meyer", "DE", "M"),
(82, "Dietrun", "Möller", "DE", "F"),
(83, "Peter", "Müller", "DE", "M"),
(84, "Karl", "Neumann", "DE", "M"),
(85, "Heinz", "Hoffmann", "DE", "M"),
(86, "Horst", "Richter", "DE", "M"),
(87, "Helmut", "Schäfer", "DE", "M"),
(88, "Amalia", "Schmid", "DE", "F"),
(89, "Micheal", "Schmidt", "DE", "M"),
(90, "Heinrich", "Schmitt", "DE", "M"),
(91, "Friedrich", "Schmitz", "DE", "M"),
(92, "Wolfgang", "Schneider", "DE", "M"),
(93, "Dietmut", "Scholz", "DE", "F"),
(94, "Walter", "Schröder", "DE", "M"),
(95, "Edda", "Schubert", "DE", "F"),
(96, "Manfred", "Schulz", "DE", "M"),
(97, "Amalinde", "Schulze", "DE", "F"),
(98, "Kamilla", "Schuster", "DE", "F"),
(99, "Herbert", "Schwarz", "DE", "M"),
(100, "Martin", "Simmermann", "DE", "M"),
(101, "Fieke", "Vogel", "DE", "F"),
(102, "Werner", "Wagner", "DE", "M"),
(103, "Bine", "Walter", "DE", "F"),
(104, "Jeorg", "Werner", "DE", "M"),
(105, "Hanne", "Winkler", "DE", "F"),
(106, "Frank", "Wolf", "DE", "M")

    ;

INSERT INTO product(ProductID, ProdName, Category, Price)
VALUES
		(101, "Monopoly","Da tavolo", 26.5),
		(102, "One Deck Dungeon","Da tavolo", 24.4),
		(103, "Imperial Struggle","Da tavolo", 19),
		(104, "Dixit","Da tavolo", 15),
		(105, "Risiko","Da tavolo", 22),
		(106, "Forza 4","Da tavolo", 12.5),
		(107, "Nomi cose e città","Da tavolo", 11.2),
		(108, "Il gioco dell'oca","Da tavolo", 12.3),
		(109, "Indovina chi?","Da tavolo", 18.7),
		(110, "Taboo","Da tavolo", 14.8),
		(111, "Macchina delle bugie","Da tavolo", 31.5),
		(112, "Trivial Pursuit","Da tavolo", 40),
		(113, "Minecraft","Videogioco", 44),
		(114, "The Legend of Zelda","Videogioco", 36),
		(115, "SimRace","Videogioco", 27),
		(116, "Assetto Corsa","Videogioco", 51),
		(117, "E-racing","Videogioco", 21),
		(118, "Forza Motorsport","Videogioco", 65),
		(119, "Sail Simulator","Videogioco", 55),
		(120, "Foil simulator","Videogioco", 58),
		(121, "Set calcio","Sport", 58),
		(122, "Canestro da basket 190cm","Sport", 34),
		(123, "Set 2 porte da calcio","Sport", 52),
		(124, "Tiro al bersaglio","Sport", 12),
		(125, "Flying Ball","Sport", 32),
		(126, "Fit bounce pro","Sport", 41),
		(127, "Palla da calcio","Sport", 24),
		(128, "Palla da rugby","Sport", 28),
		(129, "Palla da basket","Sport", 23),
		(130, "Palla da squasch","Sport", 19),
		(131, "Racchette da beach tennis","Da spiaggia", 35),
		(132, "Frisbee","Da spiaggia", 12),
		(133, "Birilli","Da spiaggia", 17),
		(134, "Bocce","Da spiaggia", 13),
		(135, "Anelli di Marelle","Da spiaggia", 11),
		(136, "Racchette da Paddle","Da spiaggia", 21),
		(137, "Pistola acqua Xshot","Da spiaggia", 18),
		(138, "Spike ball 3","Da spiaggia", 12),
		(140, "Lego Set","Modellismo", 41),
		(141, "Modellino di auto da corsa","Modellismo", 36),
		(142, "Pongo","Modellismo", 54),
		(143, "Creta model","Modellismo", 32),
		(144, "soldatini Italiani","Modellismo", 21),
		(145, "Ferrari 296","Modellismo", 45),
		(146, "Ferrari SF--23","Modellismo", 52),
		(147, "Ferrari F40","Modellismo", 48),
		(148, "FIAT 500L","Modellismo", 32),
		(149, "Ferrari 499P","Modellismo", 57),
		(150, "Ferrari 812 Competizione","Modellismo", 64),
		(151, "Microscopio per bambini","Scientifico", 33),
		(152, "Set per esperimenti chimici","Scientifico", 26),
		(153, "L'allegro chirurgo","Scientifico", 45),
		(154, "110 esperimenti","Scientifico", 15),
		(155, "Scienza e labotatorio","Scientifico", 74),
		(156, "Kit circuiti scientifici","Scientifico", 23),
		(157, "Genius","Scientifico", 56),
		(158, "Laboratorio dei cristalli","Scientifico", 36),
		(159, "PlaLab","Scientifico", 31),
		(160, "La serra hi-Tech","Scientifico", 42),
		(161, "Kit magnetini","Scientifico", 27),
		(162, "Arduino UNO","Elettronica", 28),
		(163, "Arduino Nano","Elettronica", 24),
		(164, "Vepower robot","Elettronica", 60),
		(165, "Rino robot","Elettronica", 55),
		(166, "Tavoletta grafica","Elettronica", 23),
		(167, "Pupazzo di peluche","Pupazzo", 12),
		(168, "Anatra peluche","Pupazzo", 32),
		(169, "Simba super Mario","Pupazzo", 24),
		(170, "Suricato peluche","Pupazzo", 19),
		(171, "Pinguino peluche","Pupazzo", 24),
		(172, "Costume da supereroe","Costume", 25),
		(173, "Super Mario Adulto","Costume", 27),
		(174, "Costume gonfiabile FIXI","Costume", 26),
		(175, "Fenicotero rosa","Costume", 31),
		(176, "Gallo Carino","Costume", 34),
		(177, "Veste da monaco","Costume", 41),
		(180, "Teddy bear","Pupazzo", 36),
		(181, "Costume da principessa","Costume", 47),
		(182, "Album da colorare","Disegno", 13),
		(183, "Carta colorata","Disegno", 9),
		(184, "pastelli a cera","Disegno", 12),
		(185, "pennarelli","Disegno", 22),
		(186, "matite 24 colori","Disegno", 16),
		(187, "matite 36 colori","Disegno", 19),
		(188, "matite 12 colori","Disegno", 12),
		(189, "Kit di disegno per bambini","Disegno", 22),
		(190, "Uno","Carte", 9),
		(191, "Poker","Carte", 7),
		(192, "Magic: The Gathering","Carte", 14),
		(193, "Yu-Gi-Oh!","Carte", 15),
		(194, "Hearthstone","Carte", 17),
		(195, "Set!","Carte", 19),
		(196, "Exploding Kittens","Carte", 12),
		(197, "Dobble","Carte", 17.5),
		(198, "The Mind","Carte", 18.3),
		(199, "Monopoly Deal","Carte", 12.2),
		(200, "Burraco","Carte", 16.2),
		(201, "Briscola","Carte", 18.4),
		(202, "Scopa","Carte", 10),
		(203, "Bang!","Carte", 10),
		(204, "Skip-Bo","Carte", 9),
		(205, "Phase 10","Carte", 8.5),
		(206, "Cluedo Card Game","Carte", 12),
		(207, "7 Wonders Duel","Carte", 21),
		(208, "Solitaire","Carte", 15),
		(209, "Fluxx","Carte", 16)


;
/*
INSERT INTO sales(SaleID, ProductID, CustomerID, CountryID, Quantity, Price, SaleDate)
	VALUES
(1, 101, 32, "IT", 13, 23.055, '2019-01-01'),
(2, 114, 23, "IT", 6, 33.84, '2019-01-01'),
(3, 116, 97, "IT", 4, 48.96, '2019-01-02'),
(4, 121, 56, "DE", 16, 48.72, '2019-01-02'),
(5, 148, 23, "IT", 18, 26.24, '2019-01-02'),
(6, 149, 7, "DE", 13, 49.59, '2019-01-03'),
(7, 143, 45, "IT", 1, 31.68, '2019-01-03'),
(8, 182, 59, "FR", 8, 11.96, '2019-01-03'),
(9, 141, 10, "FR", 8, 33.12, '2019-01-04'),
(10, 150, 60, "IT", 16, 53.76, '2019-01-05'),
(11, 121, 89, "IT", 17, 48.14, '2019-01-06'),
(12, 125, 55, "FR", 19, 25.92, '2019-01-07'),
(13, 156, 84, "DE", 4, 22.08, '2019-01-08'),
(14, 142, 101, "DE", 17, 44.82, '2019-01-09'),
(15, 181, 88, "DE", 12, 41.36, '2019-01-10'),
(16, 187, 39, "DE", 13, 16.53, '2019-01-11'),
(17, 163, 87, "DE", 3, 23.28, '2019-01-12'),
(18, 196, 1, "FR", 12, 10.56, '2019-01-13'),
(19, 134, 48, "DE", 10, 11.7, '2019-01-14'),
(20, 102, 103, "IT", 19, 19.764, '2019-01-15'),
(21, 138, 7, "FR", 11, 10.68, '2019-01-16'),
(22, 137, 84, "IT", 18, 14.76, '2019-01-17'),
(23, 162, 29, "DE", 17, 23.24, '2019-01-20'),
(24, 188, 39, "FR", 12, 10.56, '2019-01-20'),
(25, 153, 27, "FR", 13, 39.15, '2019-01-20'),
(26, 203, 58, "DE", 15, 19.55, '2019-01-21'),
(27, 145, 70, "FR", 15, 38.25, '2019-01-22')
   ;

*/


INSERT INTO sales(SaleID, ProductID, CustomerID, CountryID, Quantity, Price, SaleDate)
	VALUES
(1, 101, 32, 'IT', 13, 23.055, '2019-01-01'),
(2, 114, 23, 'IT', 6, 33.84, '2019-01-01'),
(3, 116, 97, 'IT', 4, 48.96, '2019-01-02'),
(4, 121, 56, 'DE', 16, 48.72, '2019-01-02'),
(5, 148, 23, 'IT', 18, 26.24, '2019-01-02'),
(6, 149, 7, 'DE', 13, 49.59, '2019-01-03'),
(7, 143, 45, 'IT', 1, 31.68, '2019-01-03'),
(8, 182, 59, 'FR', 8, 11.96, '2019-01-03'),
(9, 141, 10, 'FR', 8, 33.12, '2019-01-04'),
(10, 150, 60, 'IT', 16, 53.76, '2019-01-05'),
(11, 121, 89, 'IT', 17, 48.14, '2019-01-06'),
(12, 125, 55, 'FR', 19, 25.92, '2019-01-07'),
(13, 156, 84, 'DE', 4, 22.08, '2019-01-08'),
(14, 142, 101, 'DE', 17, 44.82, '2019-01-09'),
(15, 181, 88, 'DE', 12, 41.36, '2019-01-10'),
(16, 187, 39, 'DE', 13, 16.53, '2019-01-11'),
(17, 163, 87, 'DE', 3, 23.28, '2019-01-12'),
(18, 196, 1, 'FR', 12, 10.56, '2019-01-13'),
(19, 134, 48, 'DE', 10, 11.7, '2019-01-14'),
(20, 102, 103, 'IT', 19, 19.764, '2019-01-15'),
(21, 138, 7, 'FR', 11, 10.68, '2019-01-16'),
(22, 137, 84, 'IT', 18, 14.76, '2019-01-17'),
(23, 162, 29, 'DE', 17, 23.24, '2019-01-20'),
(24, 188, 39, 'FR', 12, 10.56, '2019-01-20'),
(25, 153, 27, 'FR', 13, 39.15, '2019-01-20'),
(26, 203, 58, 'DE', 15, 19.55, '2019-01-21'),
(27, 145, 70, 'FR', 15, 38.25, '2019-01-22'),
(28, 190, 61, 'DE', 5, 8.55, '2019-01-23'),
(29, 202, 33, 'DE', 11, 65.86, '2019-01-24'),
(30, 135, 86, 'DE', 14, 9.46, '2019-01-25'),
(31, 203, 94, 'IT', 16, 19.32, '2019-01-26'),
(32, 147, 89, 'FR', 20, 38.4, '2019-01-27'),
(33, 141, 30, 'FR', 10, 32.4, '2019-01-28'),
(34, 138, 91, 'IT', 9, 10.92, '2019-01-29'),
(35, 201, 84, 'DE', 8, 16.928, '2019-01-30'),
(36, 187, 3, 'FR', 3, 18.43, '2019-01-31'),
(37, 203, 54, 'IT', 3, 9.7, '2019-02-01'),
(38, 103, 64, 'IT', 1, 18.81, '2019-02-02'),
(39, 124, 102, 'DE', 12, 10.56, '2019-02-03'),
(40, 140, 55, 'FR', 12, 36.08, '2019-02-04'),
(41, 113, 5, 'IT', 10, 39.6, '2019-02-05'),
(42, 104, 6, 'IT', 18, 12.3, '2019-02-06'),
(43, 175, 33, 'DE', 8, 28.52, '2019-02-07'),
(44, 106, 33, 'IT', 6, 11.75, '2019-02-08'),
(45, 190, 54, 'DE', 5, 8.55, '2019-02-09'),
(46, 200, 17, 'FR', 18, 13.284, '2019-02-10'),
(47, 152, 46, 'IT', 10, 23.4, '2019-02-11'),
(48, 135, 28, 'IT', 17, 9.13, '2019-02-12'),
(49, 105, 20, 'FR', 7, 20.46, '2019-02-13'),
(50, 121, 56, 'DE', 13, 50.46, '2019-02-16'),
(51, 123, 58, 'DE', 3, 50.44, '2019-02-16'),
(52, 207, 4, 'IT', 13, 18.27, '2019-02-16'),
(53, 176, 68, 'IT', 1, 33.66, '2019-02-17'),
(54, 128, 22, 'IT', 11, 24.92, '2019-02-18'),
(55, 142, 46, 'DE', 19, 43.74, '2019-02-19'),
(56, 188, 57, 'FR', 5, 11.4, '2019-02-20'),
(57, 168, 46, 'DE', 1, 31.68, '2019-02-21'),
(58, 109, 94, 'FR', 2, 18.326, '2019-02-22'),
(59, 112, 19, 'DE', 8, 36.8, '2019-02-23'),
(60, 137, 17, 'DE', 12, 15.84, '2019-02-24'),
(61, 152, 71, 'DE', 5, 24.7, '2019-02-25'),
(62, 130, 6, 'FR', 15, 16.15, '2019-02-26'),
(63, 127, 20, 'IT', 15, 20.4, '2019-02-27'),
(64, 158, 47, 'IT', 20, 28.8, '2019-02-28'),
(65, 201, 33, 'DE', 10, 18.9, '2019-03-01'),
(66, 149, 1, 'IT', 13, 49.59, '2019-03-02'),
(67, 173, 76, 'DE', 12, 23.76, '2019-03-03'),
(68, 143, 66, 'DE', 5, 30.4, '2019-03-04'),
(69, 171, 1, 'IT', 13, 20.88, '2019-03-05'),
(70, 103, 103, 'FR', 9, 17.29, '2019-03-06'),
(71, 199, 86, 'FR', 14, 10.492, '2019-03-07'),
(72, 165, 88, 'FR', 15, 46.75, '2019-03-08'),
(73, 192, 96, 'IT', 1, 13.86, '2019-03-09'),
(74, 137, 46, 'FR', 8, 16.56, '2019-03-10'),
(75, 138, 48, 'IT', 3, 11.64, '2019-03-11'),
(76, 122, 82, 'DE', 4, 32.64, '2019-03-12'),
(77, 122, 76, 'DE', 20, 27.2, '2019-03-13'),
(78, 170, 3, 'FR', 10, 17.1, '2019-03-14'),
(79, 106, 37, 'DE', 9, 11.375, '2019-03-15'),
(80, 167, 61, 'IT', 20, 9.6, '2019-03-16'),
(81, 138, 5, 'DE', 20, 9.6, '2019-03-17'),
(82, 168, 58, 'FR', 13, 27.84, '2019-03-18'),
(83, 124, 58, 'IT', 16, 10.08, '2019-03-19'),
(84, 173, 66, 'IT', 19, 21.87, '2019-03-20'),
(85, 121, 28, 'IT', 3, 56.26, '2019-03-22'),
(86, 182, 12, 'FR', 14, 11.18, '2019-03-22'),
(87, 129, 67, 'IT', 13, 20.01, '2019-03-23'),
(88, 164, 69, 'IT', 12, 52.8, '2019-03-24'),
(89, 137, 78, 'FR', 17, 14.94, '2019-03-25'),
(90, 193, 2, 'IT', 15, 12.75, '2019-03-26'),
(91, 177, 77, 'IT', 17, 34.03, '2019-03-27'),
(92, 115, 69, 'IT', 18, 22.14, '2019-03-28'),
(93, 150, 104, 'DE', 4, 61.44, '2019-03-29'),
(94, 141, 90, 'FR', 9, 32.76, '2019-03-30'),
(95, 209, 83, 'DE', 11, 14.24, '2019-03-31'),
(96, 208, 1, 'DE', 2, 14.7, '2019-04-01'),
(97, 113, 70, 'DE', 19, 35.64, '2019-04-02'),
(98, 109, 20, 'DE', 2, 18.326, '2019-04-03'),
(99, 129, 68, 'IT', 3, 22.31, '2019-04-04'),
(100, 202, 17, 'FR', 15, 62.9, '2019-04-06'),
(101, 208, 38, 'IT', 9, 13.65, '2019-04-06'),
(102, 203, 77, 'DE', 3, 9.7, '2019-04-07'),
(103, 163, 97, 'IT', 9, 21.84, '2019-04-08'),
(104, 190, 65, 'FR', 20, 7.2, '2019-04-09'),
(105, 201, 93, 'FR', 6, 17.296, '2019-04-10'),
(106, 130, 37, 'DE', 14, 16.34, '2019-04-11'),
(107, 187, 7, 'IT', 19, 15.39, '2019-04-12'),
(108, 207, 59, 'DE', 7, 19.53, '2019-04-13'),
(109, 183, 84, 'DE', 3, 8.73, '2019-04-14'),
(110, 164, 58, 'DE', 11, 53.4, '2019-04-15'),
(111, 180, 79, 'IT', 7, 33.48, '2019-04-16'),
(112, 150, 18, 'FR', 19, 51.84, '2019-04-17'),
(113, 126, 65, 'FR', 2, 40.18, '2019-04-18'),
(114, 114, 86, 'DE', 12, 31.68, '2019-04-19'),
(115, 169, 94, 'FR', 13, 20.88, '2019-04-20'),
(116, 146, 22, 'IT', 16, 43.68, '2019-04-21'),
(117, 200, 59, 'FR', 1, 16.83, '2019-04-22'),
(118, 172, 39, 'DE', 10, 22.5, '2019-04-23'),
(119, 111, 37, 'IT', 12, 27.72, '2019-04-24'),
(120, 187, 13, 'IT', 15, 16.15, '2019-04-26'),
(121, 175, 29, 'DE', 18, 25.42, '2019-04-26'),
(122, 153, 15, 'FR', 18, 36.9, '2019-04-27'),
(123, 202, 47, 'DE', 8, 9.2, '2019-04-28'),
(124, 120, 105, 'IT', 5, 55.1, '2019-04-29'),
(125, 150, 31, 'FR', 20, 51.2, '2019-04-30'),
(126, 118, 17, 'FR', 6, 61.1, '2019-05-01'),
(127, 152, 34, 'IT', 6, 24.44, '2019-05-02'),
(128, 195, 13, 'DE', 16, 15.96, '2019-05-03'),
(129, 152, 37, 'DE', 12, 22.88, '2019-05-04'),
(131, 126, 38, 'IT', 9, 37.31, '2019-05-06'),
(132, 152, 73, 'FR', 6, 24.44, '2019-05-07'),
(133, 170, 5, 'FR', 4, 18.24, '2019-05-08'),
(134, 201, 8, 'DE', 1, 18.216, '2019-05-09'),
(135, 134, 9, 'DE', 11, 11.57, '2019-05-10'),
(136, 140, 65, 'IT', 5, 38.95, '2019-05-11'),
(137, 173, 31, 'IT', 8, 24.84, '2019-05-12'),
(138, 203, 19, 'FR', 19, 8.1, '2019-05-13'),
(139, 177, 88, 'IT', 17, 34.03, '2019-05-14'),
(140, 173, 44, 'IT', 7, 25.11, '2019-05-15'),
(141, 149, 32, 'IT', 14, 49.02, '2019-05-16'),
(142, 185, 23, 'FR', 12, 19.36, '2019-05-17'),
(143, 209, 22, 'IT', 13, 13.92, '2019-05-18'),
(144, 132, 23, 'IT', 9, 10.92, '2019-05-19'),
(145, 200, 78, 'IT', 13, 14.094, '2019-05-20'),
(146, 181, 20, 'DE', 20, 37.6, '2019-05-21'),
(147, 198, 99, 'DE', 17, 15.189, '2019-05-22'),
(148, 113, 22, 'DE', 4, 42.24, '2019-05-23'),
(150, 170, 91, 'IT', 11, 16.91, '2019-05-25'),
(151, 190, 38, 'FR', 15, 7.65, '2019-05-26'),
(152, 130, 80, 'FR', 13, 16.53, '2019-05-27'),
(153, 120, 76, 'FR', 14, 49.88, '2019-05-28'),
(154, 148, 101, 'FR', 1, 31.68, '2019-05-29'),
(155, 132, 53, 'FR', 6, 11.28, '2019-05-31'),
(156, 170, 30, 'FR', 18, 15.58, '2019-05-31'),
(157, 116, 12, 'IT', 13, 44.37, '2019-06-01'),
(158, 135, 37, 'IT', 20, 8.8, '2019-06-02'),
(159, 205, 104, 'FR', 17, 7.055, '2019-06-03'),
(160, 138, 15, 'FR', 14, 10.32, '2019-06-04'),
(161, 102, 68, 'IT', 15, 20.74, '2019-06-05'),
(162, 135, 43, 'FR', 2, 10.78, '2019-06-06'),
(163, 159, 27, 'FR', 15, 26.35, '2019-06-07'),
(164, 198, 101, 'FR', 5, 17.385, '2019-06-08'),
(165, 201, 21, 'IT', 11, 18.69, '2019-06-09'),
(166, 205, 64, 'FR', 18, 6.97, '2019-06-10'),
(167, 154, 83, 'IT', 17, 12.45, '2019-06-11'),
(168, 193, 19, 'IT', 18, 12.3, '2019-06-12'),
(169, 107, 64, 'IT', 8, 10.304, '2019-06-13'),
(170, 146, 74, 'FR', 8, 47.84, '2019-06-14'),
(171, 198, 45, 'IT', 15, 15.555, '2019-06-15'),
(172, 195, 94, 'FR', 8, 17.48, '2019-06-16')
;