USE CambiaNome;

/* Rimovere vincoli al comando di truncate */
SET FOREIGN_KEY_CHECKS = 0; 
TRUNCATE table Sales; 
TRUNCATE table product; 
TRUNCATE table customer;
TRUNCATE table country; 
SET FOREIGN_KEY_CHECKS = 1;

INSERT INTO country (CountryID, CountryName)
	VALUES
		("IT", 	"Italy"),
		("FR",	"France"),
		("DE",	"Germany")
    ;
  
INSERT INTO customer (CustomerID, NameCustomer, SurnameCustomer, CountryID, Sex)
	VALUES
(1, "Francesca", "Amerio", "IT", "F"),
(2, "Giulia", "Barbero", "IT", "F"),
(3, "Roberto", "Bianco", "IT", "M"),
(4, "Salvatore", "Binello", "IT", "M"),
(5, "Maria", "Cerrato", "IT", "F"),
(6, "Antonio", "Conti", "IT", "M"),
(7, "Francesco", "Fassio", "IT", "M"),
(8, "Andrea", "Ferrero", "IT", "M"),
(9, "Giovanni", "Gallo", "IT", "M"),
(10, "Fabio", "Gamba", "IT", "M"),
(11, "Matteo", "Grasso", "IT", "M"),
(12, "Luigi", "Graziano", "IT", "M"),
(13, "Davide", "Marino", "IT", "M"),
(14, "Giuseppe", "Musso", "IT", "M"),
(15, "Mario", "Negro", "IT", "M"),
(16, "Paola", "Nosenzo", "IT", "F"),
(17, "Luca", "Raviola", "IT", "M"),
(18, "Alessandro", "Rosso", "IT", "M"),
(19, "Anna", "Seferovic", "IT", "F"),
(20, "Paolo", "Torchio", "IT", "M"),
(21, "Marco", "Viarengo", "IT", "M"),
(22, "Louna", "Andre", "FR", "F"),
(23, "Lou", "Bernard", "FR", "F"),
(24, "Romane", "Bertrand", "FR", "F"),
(25, "Ava", "Blanchard", "FR", "F"),
(26, "Naël", "David", "FR", "M"),
(27, "Gabriel", "Dubois", "FR", "M"),
(28, "Mila", "Dufour", "FR", "F"),
(29, "Adam", "Durand", "FR", "M"),
(30, "Charlotte", "Fournier", "FR", "F"),
(31, "Luna", "Garcia", "FR", "F"),
(32, "Rayan", "Girard", "FR", "M"),
(33, "Antoine", "Jean", "FR", "M"),
(34, "Arthur", "Laurent", "FR", "M"),
(35, "Inaya", "Lefebvre", "FR", "F"),
(36, "Robin", "Lefevre", "FR", "M"),
(37, "Victoria", "Leroy", "FR", "F"),
(38, "Alexandre", "Marchand", "FR", "M"),
(39, "Julia", "Martin", "FR", "F"),
(40, "Léna", "Meunier", "FR", "F"),
(41, "Léo", "Michel", "FR", "M"),
(42, "Ethan", "Morel", "FR", "M"),
(43, "Louna", "Perez", "FR", "F"),
(44, "Alma", "Petit", "FR", "F"),
(45, "Jules", "Richard", "FR", "M"),
(46, "Noah", "Robert", "FR", "M"),
(47, "Lucas", "Roux", "FR", "M"),
(48, "Adèle", "Simon", "FR", "F"),
(49, "Louis", "Thomas", "FR", "M"),
(50, "Lucie", "Vincent", "FR", "F"),
(51, "Dieter", "Bauer", "DE", "M"),
(52, "Ireen", "Beck", "DE", "F"),
(53, "Hans", "Becker", "DE", "M"),
(54, "Gesine", "Berger", "DE", "F"),
(55, "Christian", "Braun", "DE", "M"),
(56, "Thomas", "Fischer", "DE", "M"),
(57, "Cecilie", "Fuchs", "DE", "F"),
(58, "Filiberta", "Günther", "DE", "F"),
(59, "Eberhild", "Hahn", "DE", "F"),
(60, "Uwe", "Hartmann", "DE", "M"),
(61, "Amarante", "Herrmann", "DE", "F"),
(62, "Cella", "Peters", "DE", "F"),
(63, "Franz", "Hofmann", "DE", "M"),
(64, "Blanche", "Huber", "DE", "F"),
(65, "Eberhande", "Jung", "DE", "F"),
(66, "Carsta", "Kaiser", "DE", "F"),
(67, "Fiene", "Keller", "DE", "F"),
(68, "Josef", "Klein", "DE", "M"),
(69, "Gerhard", "Koch", "DE", "M"),
(70, "Amanta", "Köhler", "DE", "F"),
(71, "Amaryllis", "Körtig", "DE", "F"),
(72, "Ralf", "Krause", "DE", "M"),
(73, "Stefan", "Krüger", "DE", "M"),
(74, "Dietlind", "Lang", "DE", "F"),
(75, "Georg", "Lange", "DE", "M"),
(76, "Kurt", "Lehmann", "DE", "M"),
(77, "Johanna", "Lorenz", "DE", "F"),
(78, "Amanda", "Maier", "DE", "F"),
(79, "Brigit", "Mayer", "DE", "F"),
(80, "Johannes", "Meier", "DE", "M"),
(81, "Klaus", "Meyer", "DE", "M"),
(82, "Dietrun", "Möller", "DE", "F"),
(83, "Peter", "Müller", "DE", "M"),
(84, "Karl", "Neumann", "DE", "M"),
(85, "Heinz", "Hoffmann", "DE", "M"),
(86, "Horst", "Richter", "DE", "M"),
(87, "Helmut", "Schäfer", "DE", "M"),
(88, "Amalia", "Schmid", "DE", "F"),
(89, "Micheal", "Schmidt", "DE", "M"),
(90, "Heinrich", "Schmitt", "DE", "M"),
(91, "Friedrich", "Schmitz", "DE", "M"),
(92, "Wolfgang", "Schneider", "DE", "M"),
(93, "Dietmut", "Scholz", "DE", "F"),
(94, "Walter", "Schröder", "DE", "M"),
(95, "Edda", "Schubert", "DE", "F"),
(96, "Manfred", "Schulz", "DE", "M"),
(97, "Amalinde", "Schulze", "DE", "F"),
(98, "Kamilla", "Schuster", "DE", "F"),
(99, "Herbert", "Schwarz", "DE", "M"),
(100, "Martin", "Simmermann", "DE", "M"),
(101, "Fieke", "Vogel", "DE", "F"),
(102, "Werner", "Wagner", "DE", "M"),
(103, "Bine", "Walter", "DE", "F"),
(104, "Jeorg", "Werner", "DE", "M"),
(105, "Hanne", "Winkler", "DE", "F"),
(106, "Frank", "Wolf", "DE", "M")

    ;


INSERT INTO product(ProductID, ProdName, Category, Price)
VALUES
	(101, "Monopoly","Da tavolo", 26.5),
(102, "One Deck Dungeon","Da tavolo", 24.4),
(103, "Imperial Struggle","Da tavolo", 19),
(104, "Dixit","Da tavolo", 15),
(105, "Risiko","Da tavolo", 22),
(106, "Forza 4","Da tavolo", 12.5),
(107, "Nomi cose e città","Da tavolo", 11.2),
(108, "Il gioco dell'oca","Da tavolo", 12.3),
(109, "Indovina chi?","Da tavolo", 18.7),
(110, "Taboo","Da tavolo", 14.8),
(111, "Macchina delle bugie","Da tavolo", 31.5),
(112, "Trivial Pursuit","Da tavolo", 40),
(113, "Minecraft","Videogioco", 44),
(114, "The Legend of Zelda","Videogioco", 36),
(115, "SimRace","Videogioco", 27),
(116, "Assetto Corsa","Videogioco", 51),
(117, "E-racing","Videogioco", 21),
(118, "Forza Motorsport","Videogioco", 65),
(119, "Sail Simulator","Videogioco", 55),
(120, "Foil simulator","Videogioco", 58),
(121, "Set calcio","Sport", 58),
(122, "Canestro da basket 190cm","Sport", 34),
(123, "Set 2 porte da calcio","Sport", 52),
(124, "Tiro al bersaglio","Sport", 12),
(125, "Flying Ball","Sport", 32),
(126, "Fit bounce pro","Sport", 41),
(127, "Palla da calcio","Sport", 24),
(128, "Palla da rugby","Sport", 28),
(129, "Palla da basket","Sport", 23),
(130, "Palla da squasch","Sport", 19),
(131, "Racchette da beach tennis","Da spiaggia", 35),
(132, "Frisbee","Da spiaggia", 12),
(133, "Birilli","Da spiaggia", 17),
(134, "Bocce","Da spiaggia", 13),
(135, "Anelli di Marelle","Da spiaggia", 11),
(136, "Racchette da Paddle","Da spiaggia", 21),
(137, "Pistola acqua Xshot","Da spiaggia", 18),
(138, "Spike ball 3","Da spiaggia", 12),
(139, "Lego Set","Modellismo", 41),
(140, "Modellino di auto da corsa","Modellismo", 36),
(141, "Pongo","Modellismo", 54),
(142, "Creta model","Modellismo", 32),
(143, "soldatini Italiani","Modellismo", 21),
(144, "Ferrari 296","Modellismo", 45),
(145, "Ferrari SF--23","Modellismo", 52),
(146, "Ferrari F40","Modellismo", 48),
(147, "FIAT 500L","Modellismo", 32),
(148, "Ferrari 499P","Modellismo", 57),
(149, "Ferrari 812 Competizione","Modellismo", 64),
(150, "Microscopio per bambini","Scientifico", 33),
(151, "Set per esperimenti chimici","Scientifico", 26),
(152, "L'allegro chirurgo","Scientifico", 45),
(153, "110 esperimenti","Scientifico", 15),
(154, "Scienza e labotatorio","Scientifico", 74),
(155, "Kit circuiti scientifici","Scientifico", 23),
(156, "Genius","Scientifico", 56),
(157, "Laboratorio dei cristalli","Scientifico", 36),
(158, "PlaLab","Scientifico", 31),
(159, "La serra hi-Tech","Scientifico", 42),
(160, "Kit magnetini","Scientifico", 27),
(161, "Arduino UNO","Elettronica", 28),
(162, "Arduino Nano","Elettronica", 24),
(163, "Vepower robot","Elettronica", 60),
(164, "Rino robot","Elettronica", 55),
(165, "Tavoletta grafica","Elettronica", 23),
(166, "Pupazzo di peluche","Pupazzo", 12),
(167, "Anatra peluche","Pupazzo", 32),
(168, "Simba super Mario","Pupazzo", 24),
(169, "Suricato peluche","Pupazzo", 19),
(170, "Pinguino peluche","Pupazzo", 24),
(171, "Costume da supereroe","Costume", 25),
(172, "Super Mario Adulto","Costume", 27),
(173, "Costume gonfiabile FIXI","Costume", 26),
(174, "Fenicotero rosa","Costume", 31),
(175, "Gallo Carino","Costume", 34),
(176, "Veste da monaco","Costume", 41),
(177, "Teddy bear","Pupazzo", 36),
(178, "Costume da principessa","Costume", 47),
(179, "Album da colorare","Disegno", 13),
(180, "Carta colorata","Disegno", 9),
(181, "pastelli a cera","Disegno", 12),
(182, "pennarelli","Disegno", 22),
(183, "matite 24 colori","Disegno", 16),
(184, "matite 36 colori","Disegno", 19),
(185, "matite 12 colori","Disegno", 12),
(186, "Kit di disegno per bambini","Disegno", 22),
(187, "Uno","Carte", 9),
(188, "Poker","Carte", 7),
(189, "Magic: The Gathering","Carte", 14),
(190, "Yu-Gi-Oh!","Carte", 15),
(191, "Hearthstone","Carte", 17),
(192, "Set!","Carte", 19),
(193, "Exploding Kittens","Carte", 12),
(194, "Dobble","Carte", 17.5),
(195, "The Mind","Carte", 18.3),
(196, "Monopoly Deal","Carte", 12.2),
(197, "Burraco","Carte", 16.2),
(198, "Briscola","Carte", 18.4),
(199, "Scopa","Carte", 10),
(200, "Bang!","Carte", 10),
(201, "Skip-Bo","Carte", 9),
(202, "Phase 10","Carte", 8.5),
(203, "Cluedo Card Game","Carte", 12),
(204, "7 Wonders Duel","Carte", 21),
(205, "Solitaire","Carte", 15),
(206, "Fluxx","Carte", 16)
;


INSERT INTO sales(SaleID, ProductID, CustomerID, CountryID, Quantity, Price, SaleDate)
	VALUES
    (1, 101, 32, 'IT', 13, 23.055, '2019-01-01'),
(2, 114, 23, 'IT', 6, 33.84, '2019-01-01'),
(3, 116, 97, 'IT', 4, 48.96, '2019-01-02'),
(4, 121, 56, 'DE', 16, 48.72, '2019-01-02'),
(5, 148, 23, 'IT', 18, 26.24, '2019-01-02'),
(6, 149, 7, 'DE', 13, 49.59, '2019-01-03'),
(7, 143, 45, 'IT', 1, 31.68, '2019-01-03'),
(8, 182, 59, 'FR', 8, 11.96, '2019-01-03'),
(9, 141, 10, 'FR', 8, 33.12, '2019-01-04'),
(10, 150, 60, 'IT', 16, 53.76, '2019-01-05'),
(11, 121, 89, 'IT', 17, 48.14, '2019-01-06'),
(12, 125, 55, 'FR', 19, 25.92, '2019-01-07'),
(13, 156, 84, 'DE', 4, 22.08, '2019-01-08'),
(14, 142, 101, 'DE', 17, 44.82, '2019-01-09'),
(15, 181, 88, 'DE', 12, 41.36, '2019-01-10'),
(16, 187, 39, 'DE', 13, 16.53, '2019-01-11'),
(17, 163, 87, 'DE', 3, 23.28, '2019-01-12'),
(18, 196, 1, 'FR', 12, 10.56, '2019-01-13'),
(19, 134, 48, 'DE', 10, 11.7, '2019-01-14'),
(20, 102, 103, 'IT', 19, 19.764, '2019-01-15'),
(21, 138, 7, 'FR', 11, 10.68, '2019-01-16'),
(22, 137, 84, 'IT', 18, 14.76, '2019-01-17'),
(23, 162, 29, 'DE', 17, 23.24, '2019-01-20'),
(24, 188, 39, 'FR', 12, 10.56, '2019-01-20'),
(25, 153, 27, 'FR', 13, 39.15, '2019-01-20'),
(26, 203, 58, 'DE', 15, 19.55, '2019-01-21'),
(27, 145, 70, 'FR', 15, 38.25, '2019-01-22'),
(28, 190, 61, 'DE', 5, 8.55, '2019-01-23'),
(29, 202, 33, 'DE', 11, 65.86, '2019-01-24'),
(30, 135, 86, 'DE', 14, 9.46, '2019-01-25'),
(31, 203, 94, 'IT', 16, 19.32, '2019-01-26'),
(32, 147, 89, 'FR', 20, 38.4, '2019-01-27'),
(33, 141, 30, 'FR', 10, 32.4, '2019-01-28'),
(34, 138, 91, 'IT', 9, 10.92, '2019-01-29'),
(35, 201, 84, 'DE', 8, 16.928, '2019-01-30'),
(36, 187, 3, 'FR', 3, 18.43, '2019-01-31'),
(37, 203, 54, 'IT', 3, 9.7, '2019-02-01'),
(38, 103, 64, 'IT', 1, 18.81, '2019-02-02'),
(39, 124, 102, 'DE', 12, 10.56, '2019-02-03'),
(40, 140, 55, 'FR', 12, 36.08, '2019-02-04'),
(41, 113, 5, 'IT', 10, 39.6, '2019-02-05'),
(42, 104, 6, 'IT', 18, 12.3, '2019-02-06'),
(43, 175, 33, 'DE', 8, 28.52, '2019-02-07'),
(44, 106, 33, 'IT', 6, 11.75, '2019-02-08'),
(45, 190, 54, 'DE', 5, 8.55, '2019-02-09'),
(46, 200, 17, 'FR', 18, 13.284, '2019-02-10'),
(47, 152, 46, 'IT', 10, 23.4, '2019-02-11'),
(48, 135, 28, 'IT', 17, 9.13, '2019-02-12'),
(49, 105, 20, 'FR', 7, 20.46, '2019-02-13'),
(50, 121, 56, 'DE', 13, 50.46, '2019-02-16'),
(51, 123, 58, 'DE', 3, 50.44, '2019-02-16'),
(53, 176, 68, 'IT', 1, 33.66, '2019-02-17'),
(54, 128, 22, 'IT', 11, 24.92, '2019-02-18'),
(55, 142, 46, 'DE', 19, 43.74, '2019-02-19'),
(56, 188, 57, 'FR', 5, 11.4, '2019-02-20'),
(57, 168, 46, 'DE', 1, 31.68, '2019-02-21'),
(58, 109, 94, 'FR', 2, 18.326, '2019-02-22'),
(59, 112, 19, 'DE', 8, 36.8, '2019-02-23'),
(60, 137, 17, 'DE', 12, 15.84, '2019-02-24'),
(61, 152, 71, 'DE', 5, 24.7, '2019-02-25'),
(62, 130, 6, 'FR', 15, 16.15, '2019-02-26'),
(63, 127, 20, 'IT', 15, 20.4, '2019-02-27'),
(64, 158, 47, 'IT', 20, 28.8, '2019-02-28'),
(65, 201, 33, 'DE', 10, 18.9, '2019-03-01'),
(66, 149, 1, 'IT', 13, 49.59, '2019-03-02'),
(67, 173, 76, 'DE', 12, 23.76, '2019-03-03'),
(68, 143, 66, 'DE', 5, 30.4, '2019-03-04'),
(69, 171, 1, 'IT', 13, 20.88, '2019-03-05'),
(70, 103, 103, 'FR', 9, 17.29, '2019-03-06'),
(71, 199, 86, 'FR', 14, 10.492, '2019-03-07'),
(72, 165, 88, 'FR', 15, 46.75, '2019-03-08'),
(73, 192, 96, 'IT', 1, 13.86, '2019-03-09'),
(74, 137, 46, 'FR', 8, 16.56, '2019-03-10'),
(75, 138, 48, 'IT', 3, 11.64, '2019-03-11'),
(76, 122, 82, 'DE', 4, 32.64, '2019-03-12'),
(77, 122, 76, 'DE', 20, 27.2, '2019-03-13'),
(78, 170, 3, 'FR', 10, 17.1, '2019-03-14'),
(79, 106, 37, 'DE', 9, 11.375, '2019-03-15'),
(80, 167, 61, 'IT', 20, 9.6, '2019-03-16'),
(81, 138, 5, 'DE', 20, 9.6, '2019-03-17'),
(83, 124, 58, 'IT', 16, 10.08, '2019-03-19'),
(84, 173, 66, 'IT', 19, 21.87, '2019-03-20'),
(85, 121, 28, 'IT', 3, 56.26, '2019-03-22'),
(86, 182, 12, 'FR', 14, 11.18, '2019-03-22'),
(87, 129, 67, 'IT', 13, 20.01, '2019-03-23'),
(88, 164, 69, 'IT', 12, 52.8, '2019-03-24'),
(89, 137, 78, 'FR', 17, 14.94, '2019-03-25'),
(90, 193, 2, 'IT', 15, 12.75, '2019-03-26'),
(91, 177, 77, 'IT', 17, 34.03, '2019-03-27'),
(92, 115, 69, 'IT', 18, 22.14, '2019-03-28'),
(93, 150, 104, 'DE', 4, 61.44, '2019-03-29'),
(94, 141, 90, 'FR', 9, 32.76, '2019-03-30'),
(97, 113, 70, 'DE', 19, 35.64, '2019-04-02'),
(98, 109, 20, 'DE', 2, 18.326, '2019-04-03'),
(99, 129, 68, 'IT', 3, 22.31, '2019-04-04'),
(100, 202, 17, 'FR', 15, 62.9, '2019-04-06'),
(102, 203, 77, 'DE', 3, 9.7, '2019-04-07'),
(103, 163, 97, 'IT', 9, 21.84, '2019-04-08'),
(104, 190, 65, 'FR', 20, 7.2, '2019-04-09'),
(105, 201, 93, 'FR', 6, 17.296, '2019-04-10'),
(106, 130, 37, 'DE', 14, 16.34, '2019-04-11'),
(107, 187, 7, 'IT', 19, 15.39, '2019-04-12'),
(109, 183, 84, 'DE', 3, 8.73, '2019-04-14'),
(110, 164, 58, 'DE', 11, 53.4, '2019-04-15'),
(111, 180, 79, 'IT', 7, 33.48, '2019-04-16'),
(112, 150, 18, 'FR', 19, 51.84, '2019-04-17'),
(113, 126, 65, 'FR', 2, 40.18, '2019-04-18'),
(114, 114, 86, 'DE', 12, 31.68, '2019-04-19'),
(115, 169, 94, 'FR', 13, 20.88, '2019-04-20'),
(116, 146, 22, 'IT', 16, 43.68, '2019-04-21'),
(117, 200, 59, 'FR', 1, 16.83, '2019-04-22'),
(118, 172, 39, 'DE', 10, 22.5, '2019-04-23'),
(119, 111, 37, 'IT', 12, 27.72, '2019-04-24'),
(120, 187, 13, 'IT', 15, 16.15, '2019-04-26'),
(121, 175, 29, 'DE', 18, 25.42, '2019-04-26'),
(122, 153, 15, 'FR', 18, 36.9, '2019-04-27'),
(123, 202, 47, 'DE', 8, 9.2, '2019-04-28'),
(124, 120, 105, 'IT', 5, 55.1, '2019-04-29'),
(125, 150, 31, 'FR', 20, 51.2, '2019-04-30'),
(126, 118, 17, 'FR', 6, 61.1, '2019-05-01'),
(127, 152, 34, 'IT', 6, 24.44, '2019-05-02'),
(128, 195, 13, 'DE', 16, 15.96, '2019-05-03'),
(129, 152, 37, 'DE', 12, 22.88, '2019-05-04'),
(130, 178, 36, 'IT', 11, 36.49, '2019-05-05'),
(131, 126, 38, 'IT', 9, 37.31, '2019-05-06'),
(132, 152, 73, 'FR', 6, 24.44, '2019-05-07'),
(133, 170, 5, 'FR', 4, 18.24, '2019-05-08'),
(134, 201, 8, 'DE', 1, 18.216, '2019-05-09'),
(135, 134, 9, 'DE', 11, 11.57, '2019-05-10'),
(136, 140, 65, 'IT', 5, 38.95, '2019-05-11'),
(137, 173, 31, 'IT', 8, 24.84, '2019-05-12'),
(138, 203, 19, 'FR', 19, 8.1, '2019-05-13'),
(139, 177, 88, 'IT', 17, 34.03, '2019-05-14'),
(140, 173, 44, 'IT', 7, 25.11, '2019-05-15'),
(141, 149, 32, 'IT', 14, 49.02, '2019-05-16'),
(142, 185, 23, 'FR', 12, 19.36, '2019-05-17'),
(144, 132, 23, 'IT', 9, 10.92, '2019-05-19'),
(145, 200, 78, 'IT', 13, 14.094, '2019-05-20'),
(146, 181, 20, 'DE', 20, 37.6, '2019-05-21'),
(147, 198, 99, 'DE', 17, 15.189, '2019-05-22'),
(148, 113, 22, 'DE', 4, 42.24, '2019-05-23'),
(149, 179, 98, 'FR', 5, 38.95, '2019-05-24'),
(150, 170, 91, 'IT', 11, 16.91, '2019-05-25'),
(151, 190, 38, 'FR', 15, 7.65, '2019-05-26'),
(152, 130, 80, 'FR', 13, 16.53, '2019-05-27'),
(153, 120, 76, 'FR', 14, 49.88, '2019-05-28'),
(154, 148, 101, 'FR', 1, 31.68, '2019-05-29'),
(155, 132, 53, 'FR', 6, 11.28, '2019-05-31'),
(156, 170, 30, 'FR', 18, 15.58, '2019-05-31'),
(157, 116, 12, 'IT', 13, 44.37, '2019-06-01'),
(158, 135, 37, 'IT', 20, 8.8, '2019-06-02'),
(159, 205, 104, 'FR', 17, 7.055, '2019-06-03'),
(160, 138, 15, 'FR', 14, 10.32, '2019-06-04'),
(161, 102, 68, 'IT', 15, 20.74, '2019-06-05'),
(162, 135, 43, 'FR', 2, 10.78, '2019-06-06'),
(163, 159, 27, 'FR', 15, 26.35, '2019-06-07'),
(164, 198, 101, 'FR', 5, 17.385, '2019-06-08'),
(165, 201, 21, 'IT', 11, 18.69, '2019-06-09'),
(166, 205, 64, 'FR', 18, 6.97, '2019-06-10'),
(167, 154, 83, 'IT', 17, 12.45, '2019-06-11'),
(168, 193, 19, 'IT', 18, 12.3, '2019-06-12'),
(169, 107, 64, 'IT', 8, 10.304, '2019-06-13'),
(170, 146, 74, 'FR', 8, 47.84, '2019-06-14'),
(171, 198, 45, 'IT', 15, 15.555, '2019-06-15'),
(172, 195, 94, 'FR', 8, 17.48, '2019-06-16'),
(173, 179, 69, 'IT', 9, 37.31, '2019-06-17'),
(174, 190, 58, 'FR', 6, 8.46, '2019-06-18'),
(175, 203, 49, 'DE', 15, 19.55, '2019-06-19'),
(176, 148, 45, 'DE', 3, 31.04, '2019-06-20'),
(177, 164, 61, 'DE', 15, 51, '2019-06-21'),
(178, 138, 34, 'DE', 7, 11.16, '2019-06-22'),
(179, 134, 47, 'IT', 3, 12.61, '2019-06-23'),
(180, 149, 10, 'IT', 6, 53.58, '2019-06-24'),
(181, 182, 83, 'FR', 2, 12.74, '2019-06-25'),
(182, 202, 41, 'IT', 3, 71.78, '2019-06-26'),
(183, 156, 42, 'DE', 8, 21.16, '2019-06-27'),
(184, 125, 5, 'IT', 1, 31.68, '2019-06-28'),
(185, 126, 50, 'FR', 6, 38.54, '2019-06-29'),
(186, 162, 1, 'IT', 7, 26.04, '2019-06-30'),
(187, 110, 32, 'FR', 19, 11.988, '2019-07-01'),
(188, 190, 26, 'IT', 15, 7.65, '2019-07-02'),
(189, 123, 15, 'IT', 1, 51.48, '2019-07-03'),
(191, 108, 43, 'IT', 14, 10.578, '2019-07-05'),
(192, 146, 33, 'IT', 1, 51.48, '2019-07-06'),
(193, 165, 29, 'DE', 13, 47.85, '2019-07-07'),
(194, 152, 51, 'IT', 19, 21.06, '2019-07-08'),
(195, 176, 1, 'IT', 19, 27.54, '2019-07-09'),
(196, 108, 12, 'DE', 7, 11.439, '2019-07-10'),
(197, 127, 7, 'IT', 1, 23.76, '2019-07-12'),
(198, 117, 60, 'DE', 10, 18.9, '2019-07-12'),
(199, 180, 48, 'FR', 1, 35.64, '2019-07-13'),
(200, 157, 13, 'FR', 9, 50.96, '2019-07-14'),
(201, 102, 80, 'FR', 7, 22.692, '2019-07-15'),
(202, 101, 8, 'FR', 8, 24.38, '2019-07-16'),
(203, 177, 87, 'FR', 5, 38.95, '2019-07-17'),
(204, 182, 12, 'DE', 12, 11.44, '2019-07-18'),
(205, 181, 101, 'FR', 15, 39.95, '2019-07-19'),
(206, 172, 40, 'IT', 19, 20.25, '2019-07-20'),
(207, 119, 15, 'FR', 4, 52.8, '2019-07-21'),
(208, 147, 39, 'IT', 9, 43.68, '2019-07-22'),
(209, 203, 36, 'DE', 13, 8.7, '2019-07-23'),
(210, 134, 79, 'FR', 18, 10.66, '2019-07-24'),
(211, 143, 57, 'DE', 9, 29.12, '2019-07-25'),
(212, 156, 88, 'IT', 1, 22.77, '2019-07-26'),
(213, 122, 41, 'IT', 12, 29.92, '2019-07-27'),
(214, 127, 48, 'DE', 3, 23.28, '2019-07-28'),
(215, 183, 83, 'DE', 5, 8.55, '2019-07-29'),
(216, 135, 70, 'IT', 11, 9.79, '2019-07-30'),
(217, 107, 61, 'FR', 16, 9.408, '2019-07-31'),
(218, 183, 99, 'DE', 18, 7.38, '2019-08-01'),
(219, 172, 50, 'FR', 18, 20.5, '2019-08-02'),
(220, 199, 22, 'FR', 3, 11.834, '2019-08-03'),
(221, 190, 57, 'DE', 18, 7.38, '2019-08-04'),
(222, 129, 84, 'IT', 10, 20.7, '2019-08-05'),
(223, 172, 34, 'FR', 5, 23.75, '2019-08-06'),
(224, 198, 37, 'IT', 20, 14.64, '2019-08-07'),
(225, 178, 32, 'FR', 5, 38.95, '2019-08-08'),
(226, 112, 72, 'DE', 19, 32.4, '2019-08-09'),
(227, 101, 65, 'FR', 16, 22.26, '2019-08-10'),
(228, 204, 84, 'IT', 6, 8.46, '2019-08-11'),
(229, 197, 31, 'IT', 15, 14.875, '2019-08-12'),
(230, 127, 83, 'DE', 6, 22.56, '2019-08-12'),
(231, 179, 33, 'DE', 19, 33.21, '2019-08-14'),
(232, 114, 62, 'DE', 2, 35.28, '2019-08-15'),
(233, 131, 90, 'DE', 4, 33.6, '2019-08-16'),
(234, 145, 102, 'FR', 8, 41.4, '2019-08-17'),
(235, 136, 6, 'FR', 6, 19.74, '2019-08-18'),
(236, 180, 57, 'IT', 14, 30.96, '2019-08-19'),
(237, 200, 13, 'DE', 3, 15.714, '2019-08-20'),
(238, 112, 88, 'IT', 17, 33.2, '2019-08-21'),
(239, 167, 51, 'DE', 11, 10.68, '2019-08-22'),
(240, 142, 93, 'IT', 17, 44.82, '2019-08-23'),
(241, 202, 8, 'FR', 13, 8.7, '2019-08-24'),
(242, 167, 105, 'FR', 5, 11.4, '2019-08-25'),
(243, 117, 47, 'FR', 14, 18.06, '2019-08-26'),
(244, 174, 27, 'FR', 14, 22.36, '2019-08-27'),
(245, 190, 13, 'IT', 8, 8.28, '2019-08-28'),
(246, 154, 40, 'FR', 15, 12.75, '2019-08-29'),
(247, 176, 79, 'DE', 17, 28.22, '2019-08-30'),
(248, 202, 3, 'IT', 13, 8.7, '2019-08-31'),
(249, 186, 98, 'IT', 8, 14.72, '2019-09-01'),
(250, 195, 47, 'IT', 1, 18.81, '2019-09-02'),
(252, 119, 32, 'DE', 8, 50.6, '2019-09-04'),
(253, 126, 13, 'FR', 19, 33.21, '2019-09-05'),
(254, 182, 50, 'IT', 7, 12.09, '2019-09-06'),
(255, 125, 77, 'DE', 19, 25.92, '2019-09-07'),
(256, 172, 59, 'FR', 8, 23, '2019-09-08'),
(257, 197, 54, 'DE', 19, 14.175, '2019-09-09'),
(258, 184, 47, 'FR', 4, 11.52, '2019-09-10'),
(260, 121, 103, 'IT', 3, 56.26, '2019-09-12'),
(261, 200, 99, 'DE', 12, 14.256, '2019-09-13'),
(262, 160, 21, 'DE', 2, 41.16, '2019-09-14'),
(263, 201, 89, 'IT', 11, 18.69, '2019-09-15'),
(264, 159, 92, 'DE', 10, 27.9, '2019-09-16'),
(265, 157, 29, 'FR', 13, 48.72, '2019-09-17'),
(266, 200, 30, 'DE', 19, 13.77, '2019-09-18'),
(267, 119, 19, 'DE', 19, 44.55, '2019-09-19'),
(268, 120, 47, 'IT', 14, 49.88, '2019-09-19'),
(269, 162, 104, 'DE', 5, 26.6, '2019-09-21'),
(270, 163, 20, 'DE', 13, 20.88, '2019-09-22'),
(271, 119, 61, 'IT', 12, 48.4, '2019-09-23'),
(272, 112, 77, 'IT', 20, 32, '2019-09-24'),
(273, 106, 14, 'IT', 3, 12.125, '2019-09-25'),
(274, 171, 21, 'DE', 8, 22.08, '2019-09-26'),
(275, 150, 50, 'IT', 10, 57.6, '2019-09-27'),
(276, 162, 57, 'IT', 11, 24.92, '2019-09-28'),
(277, 172, 21, 'DE', 17, 20.75, '2019-09-29'),
(278, 148, 9, 'DE', 1, 31.68, '2019-09-30'),
(279, 136, 19, 'IT', 19, 17.01, '2019-10-01'),
(280, 135, 45, 'DE', 8, 10.12, '2019-10-02'),
(281, 198, 101, 'IT', 9, 16.653, '2019-10-03'),
(282, 175, 18, 'FR', 1, 30.69, '2019-10-04'),
(283, 157, 21, 'DE', 16, 47.04, '2019-10-05'),
(284, 114, 91, 'IT', 19, 29.16, '2019-10-06'),
(285, 181, 82, 'DE', 16, 39.48, '2019-10-07'),
(286, 203, 93, 'FR', 1, 22.77, '2019-10-08'),
(287, 109, 27, 'IT', 15, 15.895, '2019-10-09'),
(288, 200, 32, 'FR', 8, 14.904, '2019-10-10'),
(289, 129, 44, 'FR', 13, 20.01, '2019-10-11'),
(290, 102, 94, 'DE', 18, 20.008, '2019-10-12'),
(291, 205, 86, 'IT', 18, 6.97, '2019-10-13'),
(292, 114, 75, 'FR', 11, 32.04, '2019-10-14'),
(293, 200, 63, 'FR', 1, 16.83, '2019-10-15'),
(294, 117, 21, 'FR', 4, 20.16, '2019-10-16'),
(295, 176, 62, 'IT', 8, 31.28, '2019-10-17'),
(296, 183, 33, 'IT', 15, 7.65, '2019-10-18'),
(297, 114, 10, 'DE', 11, 32.04, '2019-10-18'),
(298, 120, 35, 'DE', 15, 49.3, '2019-10-20'),
(299, 192, 94, 'FR', 11, 12.46, '2019-10-21'),
(300, 181, 103, 'IT', 9, 42.77, '2019-10-22'),
(301, 194, 1, 'FR', 17, 14.11, '2019-10-23'),
(302, 153, 84, 'DE', 20, 36, '2019-10-24'),
(303, 135, 40, 'DE', 18, 9.02, '2019-10-25'),
(304, 182, 8, 'DE', 3, 12.61, '2019-10-26'),
(305, 149, 69, 'DE', 11, 50.73, '2019-10-27'),
(306, 134, 43, 'FR', 4, 12.48, '2019-10-28'),
(307, 156, 51, 'IT', 17, 19.09, '2019-10-29'),
(308, 171, 48, 'FR', 5, 22.8, '2019-10-30'),
(309, 148, 44, 'IT', 18, 26.24, '2019-10-31'),
(310, 163, 42, 'IT', 19, 19.44, '2019-11-01'),
(311, 161, 70, 'DE', 9, 24.57, '2019-11-02'),
(312, 173, 95, 'IT', 20, 21.6, '2019-11-03'),
(313, 204, 59, 'DE', 6, 8.46, '2019-11-04'),
(314, 149, 106, 'DE', 6, 53.58, '2019-11-05'),
(316, 105, 8, 'IT', 11, 19.58, '2019-11-07'),
(317, 180, 43, 'IT', 11, 32.04, '2019-11-08'),
(318, 192, 103, 'IT', 19, 11.34, '2019-11-09'),
(319, 151, 88, 'FR', 1, 32.67, '2019-11-10'),
(320, 136, 84, 'IT', 9, 19.11, '2019-11-11'),
(321, 147, 35, 'DE', 11, 42.72, '2019-11-12'),
(322, 136, 19, 'DE', 4, 20.16, '2019-11-13'),
(323, 149, 54, 'FR', 6, 53.58, '2019-11-14'),
(324, 120, 91, 'IT', 11, 51.62, '2019-11-15'),
(325, 115, 78, 'IT', 1, 26.73, '2019-11-16'),
(326, 162, 4, 'DE', 19, 22.68, '2019-11-17'),
(327, 122, 62, 'DE', 3, 32.98, '2019-11-18'),
(328, 200, 71, 'FR', 2, 16.66, '2019-11-19'),
(329, 159, 80, 'FR', 9, 28.21, '2019-11-20'),
(330, 165, 104, 'FR', 19, 44.55, '2019-11-21'),
(331, 180, 98, 'FR', 1, 35.64, '2019-11-22'),
(332, 179, 70, 'FR', 3, 39.77, '2019-11-23'),
(333, 164, 10, 'DE', 7, 55.8, '2019-11-24'),
(334, 154, 58, 'IT', 4, 14.4, '2019-11-25'),
(335, 201, 36, 'IT', 5, 17.48, '2019-11-26'),
(336, 148, 87, 'IT', 7, 29.76, '2019-11-27'),
(337, 115, 57, 'IT', 12, 23.76, '2019-11-28'),
(338, 203, 87, 'FR', 13, 8.7, '2019-11-28'),
(339, 158, 97, 'DE', 14, 30.96, '2019-11-30'),
(340, 105, 101, 'DE', 16, 18.48, '2019-12-01'),
(341, 118, 7, 'IT', 1, 64.35, '2019-12-02'),
(342, 106, 57, 'IT', 2, 12.25, '2019-12-03'),
(343, 107, 4, 'FR', 20, 8.96, '2019-12-04'),
(344, 106, 105, 'DE', 4, 12, '2019-12-05'),
(345, 113, 60, 'DE', 6, 41.36, '2019-12-06'),
(346, 167, 28, 'FR', 5, 11.4, '2019-12-07'),
(347, 169, 102, 'DE', 9, 21.84, '2019-12-08'),
(348, 140, 10, 'IT', 14, 35.26, '2019-12-09'),
(350, 172, 22, 'FR', 2, 24.5, '2019-12-11'),
(351, 102, 75, 'FR', 20, 19.52, '2019-12-12'),
(352, 186, 25, 'FR', 5, 15.2, '2019-12-13'),
(353, 145, 76, 'DE', 7, 41.85, '2019-12-14'),
(355, 149, 32, 'IT', 2, 55.86, '2019-12-16'),
(356, 165, 80, 'FR', 8, 50.6, '2019-12-17'),
(357, 125, 11, 'IT', 17, 26.56, '2019-12-18'),
(358, 187, 5, 'FR', 12, 16.72, '2019-12-19'),
(359, 111, 104, 'DE', 4, 30.24, '2019-12-20'),
(360, 185, 2, 'DE', 8, 20.24, '2019-12-21'),
(361, 199, 34, 'DE', 7, 11.346, '2019-12-22'),
(362, 163, 68, 'FR', 12, 21.12, '2019-12-23'),
(363, 126, 70, 'DE', 11, 36.49, '2019-12-24'),
(364, 112, 106, 'DE', 7, 37.2, '2019-12-25'),
(365, 197, 17, 'FR', 18, 14.35, '2019-12-26'),
(366, 125, 49, 'FR', 4, 30.72, '2019-12-27'),
(367, 130, 4, 'IT', 8, 17.48, '2019-12-28'),
(368, 204, 5, 'IT', 17, 7.47, '2019-12-29'),
(369, 180, 18, 'FR', 4, 34.56, '2019-12-30'),
(370, 131, 47, 'IT', 10, 31.5, '2019-12-31'),
(371, 175, 42, 'DE', 20, 24.8, '2020-01-01'),
(372, 190, 20, 'FR', 8, 8.28, '2020-01-02'),
(373, 137, 29, 'FR', 16, 15.12, '2020-01-03'),
(374, 104, 55, 'FR', 18, 12.3, '2020-01-04'),
(375, 136, 9, 'DE', 13, 18.27, '2020-01-05'),
(376, 109, 14, 'FR', 3, 18.139, '2020-01-06'),
(377, 130, 43, 'DE', 4, 18.24, '2020-01-07'),
(378, 198, 97, 'FR', 7, 17.019, '2020-01-08'),
(379, 120, 98, 'FR', 6, 54.52, '2020-01-09'),
(380, 104, 87, 'IT', 7, 13.95, '2020-01-10'),
(381, 106, 4, 'DE', 16, 10.5, '2020-01-11'),
(382, 102, 41, 'DE', 11, 21.716, '2020-01-12'),
(383, 203, 7, 'DE', 1, 9.9, '2020-01-13'),
(384, 128, 63, 'DE', 18, 22.96, '2020-01-14'),
(385, 183, 53, 'FR', 14, 7.74, '2020-01-15'),
(386, 143, 83, 'IT', 19, 25.92, '2020-01-16'),
(387, 196, 22, 'IT', 1, 11.88, '2020-01-17'),
(388, 193, 54, 'DE', 19, 12.15, '2020-01-18'),
(389, 180, 56, 'FR', 1, 35.64, '2020-01-19'),
(390, 181, 18, 'FR', 5, 44.65, '2020-01-20'),
(391, 189, 2, 'IT', 9, 20.02, '2020-01-21'),
(392, 127, 29, 'FR', 3, 23.28, '2020-01-21'),
(393, 122, 4, 'FR', 15, 28.9, '2020-01-23'),
(394, 162, 98, 'FR', 17, 23.24, '2020-01-24'),
(395, 115, 48, 'DE', 19, 21.87, '2020-01-25'),
(396, 106, 88, 'FR', 18, 10.25, '2020-01-26'),
(397, 140, 60, 'FR', 4, 39.36, '2020-01-27'),
(398, 156, 55, 'DE', 16, 19.32, '2020-01-28'),
(399, 131, 80, 'FR', 9, 31.85, '2020-01-29'),
(400, 148, 92, 'FR', 11, 28.48, '2020-01-30'),
(401, 174, 10, 'FR', 19, 21.06, '2020-01-31'),
(402, 132, 63, 'IT', 19, 9.72, '2020-02-01'),
(403, 198, 80, 'DE', 10, 16.47, '2020-02-02'),
(404, 176, 99, 'IT', 18, 27.88, '2020-02-03'),
(405, 204, 9, 'IT', 10, 8.1, '2020-02-04'),
(406, 192, 7, 'IT', 16, 11.76, '2020-02-05'),
(407, 156, 30, 'FR', 1, 22.77, '2020-02-06'),
(408, 189, 32, 'IT', 14, 18.92, '2020-02-07'),
(409, 146, 32, 'FR', 13, 45.24, '2020-02-08'),
(410, 195, 99, 'IT', 18, 15.58, '2020-02-09'),
(411, 143, 28, 'DE', 19, 25.92, '2020-02-10'),
(412, 115, 1, 'IT', 19, 21.87, '2020-02-11'),
(413, 137, 103, 'FR', 1, 17.82, '2020-02-12'),
(414, 135, 20, 'IT', 19, 8.91, '2020-02-13'),
(415, 107, 59, 'IT', 17, 9.296, '2020-02-14'),
(416, 164, 82, 'IT', 5, 57, '2020-02-15'),
(417, 151, 94, 'IT', 6, 31.02, '2020-02-16'),
(418, 174, 29, 'FR', 7, 24.18, '2020-02-17'),
(419, 152, 7, 'DE', 7, 24.18, '2020-02-18'),
(420, 196, 101, 'IT', 17, 9.96, '2020-02-19'),
(421, 123, 87, 'IT', 12, 45.76, '2020-02-20'),
(422, 175, 49, 'IT', 8, 28.52, '2020-02-21'),
(423, 156, 105, 'IT', 13, 20.01, '2020-02-22'),
(424, 107, 97, 'IT', 4, 10.752, '2020-02-23'),
(425, 113, 70, 'IT', 14, 37.84, '2020-02-24'),
(426, 106, 106, 'IT', 12, 11, '2020-02-25'),
(427, 204, 75, 'IT', 8, 8.28, '2020-02-26'),
(428, 111, 19, 'FR', 15, 26.775, '2020-02-27'),
(429, 102, 32, 'FR', 9, 22.204, '2020-02-27'),
(430, 119, 78, 'FR', 5, 52.25, '2020-02-27'),
(431, 135, 13, 'IT', 19, 8.91, '2020-03-01'),
(432, 174, 82, 'FR', 15, 22.1, '2020-03-02'),
(433, 121, 68, 'DE', 10, 52.2, '2020-03-03'),
(434, 172, 11, 'FR', 19, 20.25, '2020-03-04'),
(435, 164, 105, 'IT', 15, 51, '2020-03-05'),
(436, 180, 101, 'IT', 20, 28.8, '2020-03-06'),
(437, 196, 72, 'FR', 5, 11.4, '2020-03-07'),
(438, 162, 3, 'FR', 6, 26.32, '2020-03-08'),
(439, 132, 46, 'IT', 6, 11.28, '2020-03-09'),
(440, 148, 41, 'DE', 10, 28.8, '2020-03-10'),
(441, 186, 18, 'DE', 20, 12.8, '2020-03-11'),
(442, 135, 97, 'DE', 14, 9.46, '2020-03-12'),
(444, 157, 66, 'IT', 20, 44.8, '2020-03-14'),
(445, 163, 56, 'DE', 3, 23.28, '2020-03-15'),
(446, 145, 22, 'FR', 16, 37.8, '2020-03-16'),
(447, 196, 93, 'IT', 9, 10.92, '2020-03-17'),
(448, 184, 35, 'DE', 2, 11.76, '2020-03-18'),
(449, 142, 104, 'DE', 4, 51.84, '2020-03-19'),
(451, 108, 34, 'DE', 17, 10.209, '2020-03-21'),
(452, 172, 18, 'IT', 8, 23, '2020-03-22'),
(453, 190, 42, 'DE', 13, 7.83, '2020-03-23'),
(454, 116, 90, 'IT', 1, 50.49, '2020-03-24'),
(455, 186, 34, 'FR', 19, 12.96, '2020-03-25'),
(456, 112, 36, 'FR', 5, 38, '2020-03-26'),
(457, 159, 10, 'FR', 10, 27.9, '2020-03-27'),
(458, 104, 77, 'FR', 13, 13.05, '2020-03-28'),
(459, 180, 73, 'IT', 10, 32.4, '2020-03-29'),
(461, 139, 84, 'FR', 11, 10.68, '2020-03-31'),
(462, 125, 38, 'IT', 4, 30.72, '2020-04-01'),
(463, 132, 71, 'DE', 18, 9.84, '2020-04-02'),
(464, 162, 100, 'FR', 15, 23.8, '2020-04-03'),
(465, 120, 55, 'DE', 9, 52.78, '2020-04-04'),
(466, 117, 40, 'FR', 6, 19.74, '2020-04-05'),
(467, 198, 3, 'DE', 11, 16.287, '2020-04-06'),
(468, 180, 76, 'DE', 11, 32.04, '2020-04-07'),
(469, 167, 99, 'DE', 6, 11.28, '2020-04-08'),
(470, 134, 82, 'DE', 18, 10.66, '2020-04-09'),
(471, 111, 53, 'DE', 19, 25.515, '2020-04-09'),
(472, 131, 102, 'FR', 14, 30.1, '2020-04-11'),
(473, 170, 80, 'FR', 15, 16.15, '2020-04-12'),
(474, 190, 95, 'IT', 10, 8.1, '2020-04-13'),
(475, 202, 58, 'FR', 9, 9.1, '2020-04-14'),
(476, 142, 69, 'IT', 20, 43.2, '2020-04-15'),
(477, 161, 103, 'FR', 3, 26.19, '2020-04-16'),
(478, 130, 6, 'FR', 2, 18.62, '2020-04-17'),
(479, 200, 28, 'FR', 7, 15.066, '2020-04-18'),
(480, 120, 77, 'DE', 20, 46.4, '2020-04-19'),
(481, 129, 99, 'FR', 10, 20.7, '2020-04-20'),
(482, 102, 101, 'DE', 10, 21.96, '2020-04-21'),
(483, 186, 28, 'IT', 3, 15.52, '2020-04-22'),
(484, 181, 95, 'DE', 12, 41.36, '2020-04-23'),
(485, 139, 4, 'FR', 5, 11.4, '2020-04-24'),
(486, 112, 32, 'FR', 2, 39.2, '2020-04-25'),
(487, 167, 103, 'IT', 5, 11.4, '2020-04-26'),
(488, 107, 50, 'DE', 20, 8.96, '2020-04-27'),
(489, 176, 89, 'FR', 19, 27.54, '2020-04-28'),
(490, 130, 7, 'DE', 8, 17.48, '2020-04-29'),
(491, 203, 5, 'FR', 11, 8.9, '2020-04-30'),
(492, 183, 86, 'IT', 11, 8.01, '2020-05-01'),
(493, 148, 49, 'FR', 18, 26.24, '2020-05-02'),
(494, 140, 94, 'FR', 14, 35.26, '2020-05-03'),
(495, 122, 36, 'DE', 2, 33.32, '2020-05-04'),
(496, 190, 44, 'DE', 7, 8.37, '2020-05-05'),
(497, 178, 47, 'FR', 8, 37.72, '2020-05-06'),
(498, 135, 13, 'IT', 2, 10.78, '2020-05-07'),
(499, 124, 45, 'IT', 11, 10.68, '2020-05-08'),
(500, 114, 6, 'IT', 5, 34.2, '2020-05-09'),
(501, 163, 33, 'FR', 19, 19.44, '2020-05-10'),
(502, 187, 19, 'DE', 17, 15.77, '2020-05-11'),
(503, 153, 10, 'DE', 18, 36.9, '2020-05-11'),
(504, 117, 33, 'DE', 7, 19.53, '2020-05-11'),
(505, 108, 14, 'DE', 3, 11.931, '2020-05-14'),
(506, 115, 61, 'DE', 10, 24.3, '2020-05-15'),
(507, 154, 54, 'DE', 12, 13.2, '2020-05-16'),
(508, 179, 55, 'IT', 8, 37.72, '2020-05-17'),
(509, 154, 78, 'DE', 2, 14.7, '2020-05-18'),
(510, 101, 50, 'FR', 6, 24.91, '2020-05-19'),
(511, 190, 71, 'IT', 17, 7.47, '2020-05-20'),
(512, 131, 54, 'IT', 18, 28.7, '2020-05-21'),
(513, 115, 21, 'IT', 19, 21.87, '2020-05-22'),
(514, 196, 103, 'FR', 10, 10.8, '2020-05-23'),
(515, 110, 58, 'FR', 11, 13.172, '2020-05-24'),
(516, 173, 39, 'DE', 10, 24.3, '2020-05-25'),
(517, 182, 83, 'DE', 11, 11.57, '2020-05-26'),
(518, 159, 39, 'IT', 14, 26.66, '2020-05-27'),
(519, 195, 76, 'FR', 13, 16.53, '2020-05-28'),
(520, 184, 61, 'FR', 11, 10.68, '2020-05-29'),
(521, 171, 37, 'FR', 2, 23.52, '2020-05-30'),
(523, 132, 3, 'DE', 16, 10.08, '2020-06-01'),
(524, 137, 17, 'FR', 9, 16.38, '2020-06-02'),
(525, 156, 72, 'FR', 4, 22.08, '2020-06-03'),
(526, 106, 91, 'IT', 20, 10, '2020-06-04'),
(527, 131, 79, 'FR', 19, 28.35, '2020-06-05'),
(528, 204, 46, 'FR', 12, 7.92, '2020-06-06'),
(529, 205, 98, 'FR', 15, 7.225, '2020-06-07'),
(530, 119, 27, 'IT', 18, 45.1, '2020-06-08'),
(531, 170, 67, 'IT', 12, 16.72, '2020-06-09'),
(532, 185, 88, 'IT', 19, 17.82, '2020-06-10'),
(533, 125, 93, 'IT', 15, 27.2, '2020-06-11'),
(534, 199, 21, 'DE', 15, 10.37, '2020-06-12'),
(535, 124, 72, 'IT', 16, 10.08, '2020-05-11'),
(536, 135, 58, 'FR', 1, 10.89, '2020-05-11'),
(537, 156, 48, 'FR', 18, 18.86, '2020-06-15'),
(538, 201, 84, 'DE', 17, 17.43, '2020-06-16'),
(539, 143, 104, 'DE', 2, 31.36, '2020-06-17'),
(540, 107, 86, 'FR', 1, 11.088, '2020-06-18'),
(541, 193, 57, 'DE', 16, 12.6, '2020-06-19'),
(542, 125, 93, 'DE', 7, 29.76, '2020-06-20'),
(543, 141, 101, 'DE', 10, 32.4, '2020-06-21'),
(544, 114, 31, 'DE', 10, 32.4, '2020-06-22'),
(546, 103, 14, 'IT', 2, 18.62, '2020-06-24'),
(547, 131, 54, 'IT', 15, 29.75, '2020-06-25'),
(548, 199, 53, 'FR', 7, 11.346, '2020-06-26'),
(549, 149, 97, 'DE', 2, 55.86, '2020-06-27'),
(550, 204, 4, 'DE', 2, 8.82, '2020-06-28'),
(551, 150, 40, 'DE', 13, 55.68, '2020-06-29'),
(552, 117, 84, 'IT', 6, 19.74, '2020-06-30'),
(553, 112, 75, 'DE', 2, 39.2, '2020-07-01'),
(554, 143, 13, 'IT', 5, 30.4, '2020-07-02'),
(555, 123, 48, 'IT', 6, 48.88, '2020-07-03'),
(556, 192, 106, 'IT', 20, 11.2, '2020-07-04'),
(557, 126, 18, 'DE', 14, 35.26, '2020-07-05'),
(558, 199, 45, 'FR', 8, 11.224, '2020-07-06'),
(560, 139, 66, 'IT', 10, 10.8, '2020-07-08'),
(561, 197, 82, 'FR', 12, 15.4, '2020-07-09'),
(562, 167, 15, 'IT', 3, 11.64, '2020-07-10'),
(563, 128, 97, 'DE', 19, 22.68, '2020-07-11'),
(564, 172, 89, 'IT', 20, 20, '2020-07-12'),
(565, 110, 22, 'IT', 16, 12.432, '2020-07-13'),
(566, 164, 7, 'DE', 9, 54.6, '2020-07-14'),
(567, 170, 96, 'FR', 1, 18.81, '2020-07-15'),
(568, 171, 80, 'DE', 3, 23.28, '2020-07-16'),
(569, 131, 57, 'DE', 15, 29.75, '2020-07-17'),
(570, 109, 2, 'FR', 10, 16.83, '2020-07-18'),
(571, 174, 23, 'FR', 5, 24.7, '2020-07-18'),
(572, 154, 2, 'FR', 14, 12.9, '2020-07-20'),
(573, 205, 33, 'IT', 13, 7.395, '2020-07-21'),
(574, 134, 72, 'IT', 3, 12.61, '2020-07-22'),
(575, 200, 102, 'IT', 20, 12.96, '2020-07-23'),
(576, 193, 78, 'FR', 4, 14.4, '2020-07-24'),
(577, 203, 10, 'IT', 16, 8.4, '2020-07-25'),
(578, 175, 69, 'FR', 17, 25.73, '2020-07-26'),
(579, 186, 64, 'FR', 7, 14.88, '2020-07-27'),
(580, 192, 45, 'IT', 11, 12.46, '2020-07-28'),
(581, 196, 23, 'IT', 4, 11.52, '2020-07-29'),
(582, 125, 27, 'DE', 13, 27.84, '2020-07-30'),
(583, 156, 101, 'IT', 16, 19.32, '2020-07-31'),
(584, 187, 30, 'DE', 9, 17.29, '2020-08-01'),
(585, 136, 90, 'IT', 4, 20.16, '2020-08-02'),
(586, 150, 37, 'DE', 2, 62.72, '2020-08-03'),
(587, 196, 70, 'DE', 18, 9.84, '2020-08-04'),
(588, 201, 71, 'DE', 16, 15.456, '2020-08-05'),
(589, 163, 67, 'FR', 13, 20.88, '2020-08-06'),
(590, 177, 49, 'FR', 6, 38.54, '2020-08-07'),
(591, 193, 61, 'IT', 7, 13.95, '2020-08-08'),
(592, 111, 27, 'DE', 17, 26.145, '2020-08-09'),
(593, 109, 34, 'FR', 7, 17.391, '2020-08-10'),
(594, 104, 21, 'FR', 12, 13.2, '2020-08-11'),
(595, 174, 40, 'IT', 3, 25.22, '2020-08-12'),
(596, 108, 62, 'FR', 4, 11.808, '2020-08-13'),
(597, 149, 4, 'IT', 5, 54.15, '2020-08-14'),
(598, 177, 70, 'IT', 16, 34.44, '2020-08-15'),
(599, 125, 64, 'FR', 9, 29.12, '2020-08-16'),
(600, 142, 17, 'IT', 20, 43.2, '2020-08-17'),
(601, 113, 3, 'DE', 19, 35.64, '2020-08-18'),
(602, 145, 48, 'IT', 3, 43.65, '2020-08-19'),
(603, 183, 96, 'DE', 18, 7.38, '2020-08-20'),
(604, 195, 104, 'IT', 13, 16.53, '2020-08-21'),
(605, 162, 1, 'FR', 10, 25.2, '2020-08-22'),
(606, 203, 83, 'IT', 5, 9.5, '2020-08-23'),
(607, 110, 102, 'DE', 16, 12.432, '2020-08-24'),
(608, 117, 88, 'FR', 17, 17.43, '2020-08-24'),
(609, 181, 97, 'FR', 18, 38.54, '2020-08-24'),
(610, 164, 60, 'DE', 17, 49.8, '2020-08-27'),
(611, 189, 100, 'IT', 5, 20.9, '2020-08-28'),
(612, 191, 82, 'IT', 17, 5.81, '2020-08-29'),
(613, 113, 69, 'DE', 1, 43.56, '2020-08-30'),
(614, 172, 65, 'FR', 11, 22.25, '2020-08-31'),
(615, 195, 38, 'FR', 14, 16.34, '2020-09-01'),
(616, 108, 52, 'DE', 15, 10.455, '2020-09-02'),
(617, 123, 102, 'IT', 16, 43.68, '2020-09-03'),
(618, 195, 90, 'IT', 15, 16.15, '2020-09-04'),
(619, 102, 9, 'FR', 17, 20.252, '2020-09-05'),
(620, 127, 89, 'FR', 11, 21.36, '2020-09-06'),
(621, 119, 26, 'DE', 14, 47.3, '2020-09-07'),
(622, 199, 74, 'IT', 1, 12.078, '2020-09-08'),
(623, 112, 42, 'FR', 4, 38.4, '2020-09-09'),
(624, 148, 75, 'DE', 3, 31.04, '2020-09-10'),
(625, 101, 33, 'IT', 6, 24.91, '2020-09-11'),
(626, 157, 75, 'DE', 18, 45.92, '2020-09-12'),
(627, 185, 106, 'FR', 9, 20.02, '2020-09-13'),
(628, 157, 57, 'IT', 14, 48.16, '2020-09-14'),
(629, 151, 101, 'DE', 1, 32.67, '2020-09-15'),
(630, 106, 99, 'IT', 14, 10.75, '2020-09-16'),
(631, 203, 55, 'FR', 1, 9.9, '2020-09-17'),
(632, 158, 59, 'DE', 4, 34.56, '2020-09-18'),
(633, 126, 77, 'IT', 4, 39.36, '2020-09-19'),
(634, 108, 37, 'IT', 10, 11.07, '2020-09-20'),
(635, 136, 21, 'FR', 19, 17.01, '2020-09-21'),
(636, 159, 74, 'IT', 19, 25.11, '2020-09-22'),
(637, 123, 22, 'IT', 20, 41.6, '2020-09-23'),
(638, 198, 87, 'IT', 5, 17.385, '2020-09-24'),
(639, 185, 4, 'IT', 3, 21.34, '2020-09-25'),
(640, 192, 31, 'DE', 8, 12.88, '2020-09-26'),
(641, 131, 39, 'DE', 10, 31.5, '2020-09-27'),
(642, 137, 28, 'DE', 19, 14.58, '2020-09-28'),
(643, 197, 68, 'IT', 5, 16.625, '2020-09-29'),
(644, 134, 4, 'DE', 8, 11.96, '2020-09-30'),
(645, 177, 56, 'IT', 3, 39.77, '2020-10-01'),
(646, 156, 19, 'DE', 13, 20.01, '2020-10-02'),
(647, 193, 91, 'IT', 7, 13.95, '2020-10-03'),
(648, 152, 94, 'IT', 15, 22.1, '2020-10-04'),
(649, 200, 102, 'DE', 14, 13.932, '2020-10-05'),
(650, 108, 70, 'DE', 17, 10.209, '2020-10-06'),
(651, 115, 42, 'IT', 16, 22.68, '2020-10-07'),
(652, 125, 88, 'DE', 20, 25.6, '2020-10-08'),
(653, 157, 67, 'FR', 4, 53.76, '2020-10-09'),
(654, 168, 79, 'DE', 1, 31.68, '2020-10-10'),
(655, 134, 63, 'IT', 13, 11.31, '2020-10-11'),
(656, 184, 33, 'FR', 7, 11.16, '2020-10-12'),
(657, 170, 12, 'FR', 4, 18.24, '2020-10-13'),
(658, 184, 73, 'IT', 15, 10.2, '2020-10-14'),
(659, 146, 59, 'FR', 4, 49.92, '2020-10-15'),
(660, 202, 23, 'DE', 9, 67.34, '2020-10-16'),
(662, 202, 20, 'IT', 18, 8.2, '2020-10-18'),
(663, 136, 99, 'DE', 4, 20.16, '2020-10-19'),
(664, 103, 64, 'FR', 4, 18.24, '2020-10-20'),
(665, 116, 14, 'FR', 14, 43.86, '2020-10-21'),
(666, 106, 65, 'IT', 10, 11.25, '2020-10-22'),
(667, 192, 19, 'FR', 10, 12.6, '2020-10-23'),
(668, 162, 48, 'DE', 14, 24.08, '2020-10-24'),
(669, 201, 35, 'IT', 17, 15.272, '2020-10-25'),
(670, 153, 41, 'IT', 11, 40.05, '2020-10-26'),
(671, 147, 76, 'FR', 8, 44.16, '2020-10-27'),
(672, 197, 90, 'FR', 15, 14.875, '2020-10-28'),
(673, 101, 14, 'DE', 19, 21.465, '2020-10-29'),
(674, 156, 52, 'FR', 6, 21.62, '2020-10-30'),
(675, 111, 1, 'DE', 10, 28.35, '2020-10-31'),
(676, 175, 60, 'DE', 14, 26.66, '2020-11-01'),
(677, 154, 75, 'DE', 5, 14.25, '2020-11-02'),
(678, 199, 45, 'DE', 16, 10.248, '2020-11-03'),
(679, 189, 89, 'DE', 11, 19.58, '2020-11-04'),
(680, 139, 83, 'DE', 20, 9.6, '2020-11-05'),
(681, 177, 96, 'DE', 8, 37.72, '2020-11-06'),
(682, 163, 7, 'IT', 6, 22.56, '2020-11-07'),
(683, 205, 40, 'DE', 1, 8.415, '2020-11-08'),
(684, 195, 75, 'DE', 12, 16.72, '2020-11-09'),
(685, 163, 21, 'FR', 7, 22.32, '2020-11-10'),
(686, 108, 33, 'FR', 4, 11.808, '2020-11-11'),
(687, 145, 1, 'DE', 5, 42.75, '2020-11-12'),
(688, 102, 96, 'IT', 4, 23.424, '2020-11-13'),
(689, 183, 70, 'IT', 13, 7.83, '2020-11-14'),
(690, 105, 27, 'IT', 17, 18.26, '2020-11-15'),
(691, 159, 8, 'IT', 7, 28.83, '2020-11-16'),
(692, 191, 44, 'DE', 15, 5.95, '2020-11-17'),
(693, 152, 88, 'IT', 14, 22.36, '2020-11-18'),
(694, 149, 95, 'IT', 1, 56.43, '2020-11-19'),
(695, 138, 22, 'FR', 15, 10.2, '2020-11-19'),
(696, 114, 62, 'FR', 6, 33.84, '2020-11-19'),
(697, 147, 34, 'FR', 15, 40.8, '2020-11-19'),
(698, 168, 82, 'IT', 9, 29.12, '2020-11-23'),
(699, 125, 67, 'IT', 3, 31.04, '2020-11-24'),
(700, 131, 36, 'IT', 10, 31.5, '2020-11-25'),
(701, 106, 3, 'FR', 17, 10.375, '2020-11-26'),
(702, 150, 1, 'IT', 14, 55.04, '2020-11-27'),
(703, 102, 30, 'DE', 2, 23.912, '2020-11-28'),
(704, 202, 56, 'IT', 7, 68.82, '2020-11-29'),
(705, 201, 79, 'FR', 17, 15.272, '2020-11-30'),
(706, 154, 87, 'IT', 5, 14.25, '2020-12-01'),
(707, 131, 29, 'FR', 20, 28, '2020-12-02'),
(708, 157, 48, 'DE', 6, 52.64, '2020-12-03'),
(709, 104, 65, 'FR', 11, 13.35, '2020-12-04'),
(710, 197, 35, 'DE', 17, 14.525, '2020-12-05'),
(711, 146, 27, 'DE', 3, 50.44, '2020-12-06'),
(712, 111, 71, 'FR', 16, 26.46, '2020-12-07'),
(713, 170, 72, 'DE', 18, 15.58, '2020-12-08'),
(714, 122, 1, 'DE', 2, 33.32, '2020-12-09'),
(715, 103, 14, 'IT', 13, 16.53, '2020-12-10'),
(716, 122, 72, 'FR', 16, 28.56, '2020-12-11'),
(717, 129, 68, 'FR', 17, 19.09, '2020-12-12'),
(718, 195, 58, 'FR', 20, 15.2, '2020-12-13'),
(719, 125, 12, 'FR', 15, 27.2, '2020-12-14'),
(720, 168, 91, 'DE', 16, 26.88, '2020-12-15'),
(721, 127, 78, 'IT', 20, 19.2, '2020-12-16'),
(722, 137, 41, 'DE', 1, 17.82, '2020-12-17'),
(723, 104, 2, 'FR', 10, 13.5, '2020-12-18'),
(724, 164, 92, 'DE', 5, 57, '2020-12-19'),
(725, 132, 83, 'FR', 6, 11.28, '2020-12-20'),
(726, 137, 97, 'FR', 19, 14.58, '2020-12-21'),
(727, 154, 70, 'DE', 10, 13.5, '2020-12-22'),
(728, 203, 53, 'DE', 9, 20.93, '2020-12-23'),
(729, 188, 102, 'FR', 2, 11.76, '2020-12-24'),
(730, 177, 10, 'DE', 2, 40.18, '2020-12-25'),
(731, 152, 18, 'DE', 3, 25.22, '2020-12-26'),
(732, 203, 5, 'FR', 10, 9, '2020-12-27'),
(733, 168, 5, 'DE', 14, 27.52, '2020-12-28'),
(734, 185, 95, 'DE', 12, 19.36, '2020-12-29'),
(735, 138, 35, 'FR', 12, 10.56, '2020-12-30'),
(736, 172, 27, 'IT', 14, 21.5, '2020-12-31'),
(737, 113, 100, 'FR', 14, 37.84, '2021-01-01'),
(738, 111, 70, 'DE', 10, 28.35, '2021-01-02'),
(739, 134, 93, 'FR', 3, 12.61, '2021-01-03'),
(740, 176, 7, 'FR', 8, 31.28, '2021-01-04'),
(741, 152, 19, 'IT', 17, 21.58, '2021-01-05'),
(742, 103, 2, 'IT', 19, 15.39, '2021-01-06'),
(743, 174, 92, 'FR', 11, 23.14, '2021-01-07'),
(744, 112, 96, 'FR', 10, 36, '2021-01-08'),
(745, 174, 20, 'FR', 10, 23.4, '2021-01-09'),
(746, 200, 1, 'FR', 12, 14.96, '2021-01-10'),
(747, 190, 63, 'IT', 7, 8.37, '2021-01-11'),
(748, 140, 21, 'DE', 11, 36.49, '2021-01-12'),
(749, 136, 3, 'DE', 10, 18.9, '2021-01-13'),
(750, 179, 29, 'IT', 9, 37.31, '2021-01-14'),
(751, 186, 96, 'DE', 16, 13.44, '2021-01-15'),
(752, 140, 28, 'DE', 6, 38.54, '2021-01-16'),
(753, 191, 30, 'IT', 17, 5.81, '2021-01-17'),
(754, 187, 102, 'FR', 5, 18.05, '2021-01-17'),
(755, 132, 72, 'DE', 18, 9.84, '2021-01-17'),
(756, 177, 56, 'FR', 8, 37.72, '2021-01-20'),
(757, 160, 65, 'FR', 16, 35.28, '2021-01-21'),
(758, 103, 31, 'DE', 18, 15.58, '2021-01-22'),
(759, 116, 103, 'IT', 13, 44.37, '2021-01-23'),
(760, 179, 62, 'IT', 16, 34.44, '2021-01-24'),
(761, 165, 6, 'DE', 10, 49.5, '2021-01-25'),
(762, 168, 70, 'DE', 7, 29.76, '2021-01-26'),
(763, 138, 18, 'IT', 15, 10.2, '2021-01-27'),
(764, 187, 89, 'IT', 2, 18.62, '2021-01-28'),
(765, 110, 19, 'DE', 9, 13.468, '2021-01-29'),
(766, 184, 87, 'FR', 20, 9.6, '2021-01-30'),
(767, 141, 50, 'DE', 11, 32.04, '2021-01-31'),
(768, 138, 3, 'DE', 10, 10.8, '2021-02-01'),
(769, 139, 55, 'FR', 16, 10.08, '2021-02-02'),
(770, 151, 102, 'FR', 2, 32.34, '2021-02-03'),
(771, 104, 104, 'FR', 11, 13.35, '2021-02-04'),
(772, 108, 8, 'IT', 14, 10.578, '2021-02-05'),
(773, 181, 39, 'FR', 20, 37.6, '2021-02-06'),
(774, 160, 52, 'DE', 18, 34.44, '2021-02-07'),
(775, 190, 96, 'FR', 1, 8.91, '2021-02-08'),
(776, 174, 13, 'DE', 16, 21.84, '2021-02-09'),
(777, 179, 66, 'DE', 11, 36.49, '2021-02-10'),
(778, 161, 76, 'DE', 7, 25.11, '2021-02-11'),
(779, 118, 78, 'IT', 11, 57.85, '2021-02-12'),
(780, 112, 51, 'FR', 1, 39.6, '2021-02-13'),
(781, 180, 17, 'IT', 20, 28.8, '2021-02-14'),
(782, 129, 96, 'IT', 16, 19.32, '2021-02-15'),
(783, 182, 71, 'IT', 10, 11.7, '2021-02-16'),
(784, 149, 76, 'FR', 4, 54.72, '2021-02-17'),
(785, 152, 11, 'IT', 18, 21.32, '2021-02-18'),
(786, 128, 76, 'DE', 17, 23.24, '2021-02-19'),
(787, 168, 66, 'IT', 17, 26.56, '2021-02-20'),
(788, 160, 27, 'FR', 8, 38.64, '2021-02-21'),
(789, 110, 54, 'FR', 1, 14.652, '2021-02-22'),
(790, 195, 5, 'DE', 19, 15.39, '2021-02-23'),
(791, 170, 33, 'DE', 7, 17.67, '2021-02-24'),
(792, 105, 77, 'IT', 9, 20.02, '2021-02-25'),
(793, 159, 61, 'DE', 18, 25.42, '2021-02-26'),
(794, 119, 30, 'IT', 2, 53.9, '2021-02-27'),
(795, 139, 25, 'DE', 20, 9.6, '2021-02-28'),
(796, 113, 26, 'DE', 8, 40.48, '2021-03-01'),
(797, 109, 32, 'FR', 6, 17.578, '2021-03-02'),
(798, 170, 2, 'DE', 5, 18.05, '2021-03-03'),
(799, 123, 38, 'DE', 10, 46.8, '2021-03-04'),
(800, 190, 19, 'DE', 9, 8.19, '2021-03-05'),
(801, 154, 40, 'DE', 7, 13.95, '2021-03-06'),
(802, 196, 101, 'IT', 17, 9.96, '2021-03-07'),
(803, 174, 105, 'DE', 7, 24.18, '2021-03-08'),
(804, 163, 42, 'DE', 13, 20.88, '2021-03-09'),
(805, 145, 87, 'IT', 11, 40.05, '2021-03-10'),
(806, 103, 32, 'DE', 16, 15.96, '2021-03-11'),
(807, 106, 38, 'FR', 11, 11.125, '2021-03-12'),
(808, 111, 38, 'FR', 14, 27.09, '2021-03-13'),
(809, 122, 56, 'FR', 5, 32.3, '2021-03-14'),
(810, 135, 58, 'FR', 14, 9.46, '2021-03-15'),
(811, 184, 49, 'DE', 3, 11.64, '2021-03-16'),
(812, 183, 52, 'DE', 18, 7.38, '2021-03-17'),
(813, 129, 56, 'DE', 3, 22.31, '2021-03-18'),
(815, 137, 60, 'IT', 5, 17.1, '2021-03-20'),
(816, 103, 97, 'FR', 20, 15.2, '2021-03-21'),
(817, 203, 53, 'DE', 19, 18.63, '2021-03-22'),
(818, 135, 69, 'FR', 17, 9.13, '2021-03-23'),
(819, 152, 47, 'DE', 5, 24.7, '2021-03-24'),
(820, 126, 36, 'DE', 18, 33.62, '2021-03-25'),
(821, 204, 96, 'DE', 2, 8.82, '2021-03-26'),
(822, 102, 43, 'IT', 16, 20.496, '2021-03-27'),
(823, 109, 45, 'IT', 15, 15.895, '2021-03-28'),
(824, 189, 56, 'FR', 3, 21.34, '2021-03-28'),
(825, 118, 55, 'IT', 12, 57.2, '2021-03-30'),
(826, 203, 101, 'FR', 10, 20.7, '2021-03-31'),
(827, 169, 87, 'IT', 13, 20.88, '2021-04-01'),
(828, 181, 90, 'DE', 15, 39.95, '2021-04-02'),
(829, 202, 80, 'DE', 20, 8, '2021-04-03'),
(830, 178, 104, 'DE', 12, 36.08, '2021-04-04'),
(831, 116, 67, 'FR', 8, 46.92, '2021-04-05'),
(832, 139, 88, 'DE', 4, 11.52, '2021-04-06'),
(833, 187, 72, 'FR', 7, 17.67, '2021-04-07'),
(834, 179, 68, 'IT', 15, 34.85, '2021-04-08'),
(835, 194, 86, 'FR', 1, 16.83, '2021-04-09'),
(836, 174, 92, 'DE', 18, 21.32, '2021-04-10'),
(837, 119, 10, 'IT', 3, 53.35, '2021-04-11'),
(838, 153, 103, 'FR', 6, 42.3, '2021-04-12'),
(839, 188, 39, 'FR', 17, 9.96, '2021-04-13'),
(840, 124, 65, 'DE', 20, 9.6, '2021-04-14'),
(841, 200, 26, 'FR', 19, 13.122, '2021-04-15'),
(842, 119, 11, 'DE', 10, 49.5, '2021-04-16'),
(843, 172, 98, 'DE', 10, 22.5, '2021-04-17'),
(844, 140, 12, 'IT', 15, 34.85, '2021-04-18'),
(845, 126, 86, 'DE', 8, 37.72, '2021-04-19'),
(846, 112, 30, 'IT', 17, 33.2, '2021-04-20'),
(847, 140, 40, 'DE', 3, 39.77, '2021-04-21'),
(848, 182, 53, 'DE', 18, 10.66, '2021-04-22'),
(849, 197, 96, 'IT', 15, 14.875, '2021-04-23'),
(850, 101, 29, 'IT', 13, 23.055, '2021-04-24'),
(852, 187, 103, 'IT', 5, 18.05, '2021-04-26'),
(853, 106, 89, 'IT', 3, 12.125, '2021-04-27'),
(854, 146, 63, 'DE', 2, 50.96, '2021-04-28'),
(855, 132, 52, 'DE', 6, 11.28, '2021-04-29'),
(856, 157, 39, 'IT', 19, 45.36, '2021-04-30'),
(857, 148, 86, 'IT', 20, 25.6, '2021-05-01'),
(858, 193, 33, 'IT', 17, 12.45, '2021-05-02'),
(859, 190, 50, 'FR', 7, 8.37, '2021-05-03'),
(860, 111, 42, 'DE', 18, 25.83, '2021-05-04'),
(862, 112, 91, 'FR', 7, 37.2, '2021-05-06'),
(863, 159, 82, 'IT', 8, 28.52, '2021-05-07'),
(864, 118, 6, 'DE', 20, 52, '2021-05-08'),
(865, 163, 63, 'IT', 19, 19.44, '2021-05-09'),
(866, 111, 69, 'DE', 8, 28.98, '2021-05-10'),
(867, 154, 19, 'FR', 9, 13.65, '2021-05-11'),
(868, 160, 29, 'DE', 9, 38.22, '2021-05-12'),
(869, 174, 92, 'DE', 14, 22.36, '2021-05-13'),
(870, 120, 33, 'DE', 6, 54.52, '2021-05-14'),
(871, 201, 88, 'IT', 20, 14.72, '2021-05-15'),
(872, 149, 22, 'DE', 5, 54.15, '2021-05-16'),
(873, 119, 1, 'FR', 15, 46.75, '2021-05-17'),
(874, 128, 10, 'FR', 19, 22.68, '2021-05-18'),
(875, 203, 92, 'DE', 14, 8.6, '2021-05-19'),
(876, 203, 21, 'DE', 9, 20.93, '2021-05-20'),
(877, 147, 71, 'DE', 10, 43.2, '2021-05-21'),
(878, 200, 58, 'DE', 15, 14.45, '2021-05-22'),
(880, 151, 5, 'FR', 9, 30.03, '2021-05-24'),
(881, 189, 76, 'FR', 13, 19.14, '2021-05-25'),
(882, 161, 31, 'IT', 13, 23.49, '2021-05-26'),
(883, 109, 59, 'IT', 15, 15.895, '2021-05-27'),
(884, 113, 72, 'FR', 9, 40.04, '2021-05-28'),
(885, 145, 40, 'IT', 8, 41.4, '2021-05-29'),
(886, 118, 41, 'DE', 10, 58.5, '2021-05-30'),
(887, 183, 28, 'IT', 3, 8.73, '2021-05-31'),
(888, 135, 93, 'IT', 17, 9.13, '2021-06-01'),
(889, 171, 86, 'FR', 16, 20.16, '2021-06-02'),
(890, 177, 60, 'DE', 3, 39.77, '2021-06-03'),
(891, 177, 30, 'DE', 17, 34.03, '2021-06-04'),
(892, 196, 41, 'DE', 16, 10.08, '2021-06-05'),
(893, 171, 91, 'DE', 12, 21.12, '2021-06-06'),
(894, 180, 21, 'IT', 10, 32.4, '2021-06-07'),
(895, 159, 98, 'IT', 20, 24.8, '2021-06-08'),
(896, 171, 62, 'IT', 7, 22.32, '2021-06-09'),
(897, 203, 79, 'FR', 19, 8.1, '2021-06-10'),
(898, 185, 95, 'DE', 19, 17.82, '2021-06-11'),
(899, 134, 66, 'FR', 2, 12.74, '2021-06-11'),
(900, 117, 53, 'DE', 17, 17.43, '2021-06-13'),
(901, 128, 77, 'FR', 15, 23.8, '2021-06-14'),
(902, 164, 45, 'DE', 14, 51.6, '2021-06-15'),
(903, 135, 60, 'DE', 9, 10.01, '2021-06-16'),
(904, 108, 55, 'DE', 10, 11.07, '2021-06-17'),
(905, 147, 95, 'FR', 10, 43.2, '2021-06-18'),
(906, 101, 90, 'FR', 15, 22.525, '2021-06-19'),
(907, 104, 58, 'DE', 15, 12.75, '2021-06-20'),
(908, 128, 59, 'IT', 3, 27.16, '2021-06-21'),
(909, 194, 90, 'IT', 12, 14.96, '2021-06-22'),
(910, 113, 9, 'IT', 15, 37.4, '2021-06-23'),
(911, 115, 75, 'DE', 13, 23.49, '2021-06-24'),
(912, 171, 101, 'FR', 14, 20.64, '2021-06-25'),
(913, 176, 86, 'IT', 15, 28.9, '2021-06-26'),
(914, 145, 28, 'DE', 18, 36.9, '2021-06-27'),
(915, 173, 35, 'DE', 2, 26.46, '2021-06-28'),
(916, 101, 79, 'IT', 6, 24.91, '2021-06-29'),
(917, 173, 105, 'FR', 10, 24.3, '2021-06-30'),
(918, 135, 98, 'DE', 2, 10.78, '2021-07-01'),
(919, 147, 54, 'IT', 12, 42.24, '2021-07-02'),
(920, 122, 86, 'IT', 10, 30.6, '2021-07-03'),
(921, 126, 104, 'DE', 19, 33.21, '2021-07-04'),
(922, 109, 62, 'IT', 16, 15.708, '2021-07-05'),
(923, 142, 1, 'FR', 20, 43.2, '2021-07-06'),
(924, 160, 31, 'FR', 7, 39.06, '2021-07-07'),
(925, 170, 52, 'DE', 13, 16.53, '2021-07-08'),
(926, 143, 74, 'DE', 16, 26.88, '2021-07-09'),
(927, 148, 4, 'IT', 1, 31.68, '2021-07-10'),
(928, 137, 82, 'FR', 20, 14.4, '2021-07-11'),
(929, 179, 50, 'FR', 18, 33.62, '2021-07-12'),
(931, 103, 103, 'FR', 11, 16.91, '2021-07-14'),
(932, 115, 10, 'FR', 13, 23.49, '2021-07-15'),
(933, 109, 87, 'DE', 2, 18.326, '2021-07-16'),
(934, 152, 77, 'DE', 4, 24.96, '2021-07-17'),
(935, 124, 89, 'DE', 1, 11.88, '2021-07-18'),
(936, 195, 83, 'FR', 13, 16.53, '2021-07-19'),
(937, 129, 80, 'FR', 9, 20.93, '2021-07-20'),
(938, 115, 5, 'DE', 19, 21.87, '2021-07-21'),
(939, 139, 44, 'DE', 16, 10.08, '2021-07-22'),
(940, 147, 31, 'FR', 3, 46.56, '2021-07-23'),
(941, 174, 74, 'IT', 20, 20.8, '2021-07-24'),
(942, 129, 64, 'FR', 1, 22.77, '2021-07-25'),
(943, 142, 49, 'IT', 2, 52.92, '2021-07-26'),
(944, 201, 47, 'DE', 7, 19.53, '2021-07-27'),
(945, 165, 49, 'FR', 11, 48.95, '2021-07-27'),
(946, 114, 70, 'IT', 20, 28.8, '2021-07-29'),
(947, 131, 82, 'DE', 15, 29.75, '2021-07-30'),
(948, 203, 54, 'DE', 13, 8.7, '2021-07-31'),
(949, 156, 102, 'FR', 10, 20.7, '2021-08-01'),
(950, 117, 38, 'IT', 8, 19.32, '2021-08-02'),
(951, 160, 59, 'IT', 19, 34.02, '2021-08-03'),
(952, 145, 21, 'DE', 12, 39.6, '2021-08-04'),
(953, 174, 48, 'FR', 13, 22.62, '2021-08-05'),
(954, 202, 53, 'FR', 14, 63.64, '2021-08-06'),
(955, 191, 26, 'DE', 19, 5.67, '2021-08-07'),
(956, 154, 5, 'FR', 15, 12.75, '2021-08-08'),
(957, 188, 74, 'DE', 10, 10.8, '2021-08-09'),
(958, 108, 62, 'IT', 5, 11.685, '2021-08-10'),
(959, 141, 51, 'DE', 12, 31.68, '2021-08-11'),
(960, 153, 54, 'DE', 8, 41.4, '2021-08-11'),
(961, 204, 100, 'IT', 3, 8.73, '2021-08-13'),
(962, 201, 62, 'DE', 7, 17.112, '2021-08-14'),
(963, 140, 73, 'DE', 19, 33.21, '2021-08-15'),
(964, 131, 26, 'DE', 20, 28, '2021-08-16'),
(965, 160, 18, 'FR', 5, 39.9, '2021-08-17'),
(966, 101, 2, 'DE', 15, 22.525, '2021-08-18'),
(967, 184, 74, 'DE', 9, 10.92, '2021-08-19'),
(968, 188, 60, 'FR', 18, 9.84, '2021-08-20'),
(969, 129, 62, 'IT', 1, 22.77, '2021-08-21'),
(970, 183, 9, 'DE', 16, 7.56, '2021-08-22'),
(971, 105, 47, 'FR', 20, 17.6, '2021-08-23'),
(972, 175, 53, 'FR', 13, 26.97, '2021-08-24'),
(973, 122, 51, 'FR', 14, 29.24, '2021-08-25'),
(974, 135, 104, 'DE', 10, 9.9, '2021-08-26'),
(975, 149, 9, 'IT', 19, 46.17, '2021-08-27'),
(976, 141, 33, 'FR', 13, 31.32, '2021-08-27'),
(977, 201, 64, 'IT', 3, 17.848, '2021-08-29'),
(978, 103, 9, 'DE', 12, 16.72, '2021-08-30'),
(979, 203, 17, 'DE', 4, 9.6, '2021-08-31'),
(980, 112, 48, 'IT', 7, 37.2, '2021-09-01'),
(981, 191, 80, 'DE', 18, 5.74, '2021-09-02'),
(982, 203, 71, 'FR', 3, 22.31, '2021-09-03'),
(983, 188, 84, 'FR', 20, 9.6, '2021-09-04'),
(984, 175, 25, 'DE', 12, 27.28, '2021-09-05'),
(985, 127, 84, 'FR', 9, 21.84, '2021-09-06'),
(986, 146, 43, 'IT', 16, 43.68, '2021-09-07'),
(987, 104, 101, 'DE', 1, 14.85, '2021-09-08'),
(988, 124, 78, 'DE', 11, 10.68, '2021-09-09'),
(989, 165, 64, 'FR', 15, 46.75, '2021-09-10'),
(990, 163, 52, 'IT', 8, 22.08, '2021-09-11'),
(991, 146, 62, 'DE', 8, 47.84, '2021-09-12'),
(992, 148, 2, 'DE', 11, 28.48, '2021-09-13'),
(993, 187, 34, 'FR', 4, 18.24, '2021-09-14'),
(994, 199, 9, 'FR', 14, 10.492, '2021-09-15'),
(995, 188, 75, 'DE', 9, 10.92, '2021-09-16'),
(996, 200, 75, 'IT', 19, 13.122, '2021-09-17'),
(997, 154, 1, 'FR', 8, 13.8, '2021-09-18'),
(998, 161, 8, 'DE', 16, 22.68, '2021-09-19'),
(999, 173, 27, 'IT', 12, 23.76, '2021-09-20'),
(1000, 197, 91, 'DE', 16, 14.7, '2021-09-21'),
(1001, 127, 95, 'FR', 9, 21.84, '2021-09-22'),
(1002, 113, 10, 'IT', 20, 35.2, '2021-09-23'),
(1003, 151, 6, 'IT', 13, 28.71, '2021-09-24'),
(1004, 118, 78, 'DE', 12, 57.2, '2021-09-25'),
(1005, 171, 1, 'FR', 2, 23.52, '2021-09-26'),
(1006, 176, 65, 'FR', 16, 28.56, '2021-09-27'),
(1007, 191, 102, 'IT', 5, 6.65, '2021-09-28'),
(1009, 201, 98, 'FR', 15, 15.64, '2021-09-30'),
(1010, 189, 68, 'DE', 1, 21.78, '2021-10-01'),
(1011, 169, 62, 'DE', 14, 20.64, '2021-10-02'),
(1012, 159, 104, 'DE', 20, 24.8, '2021-10-03'),
(1013, 127, 102, 'FR', 20, 19.2, '2021-10-04'),
(1014, 137, 28, 'FR', 9, 16.38, '2021-10-05'),
(1015, 119, 77, 'IT', 5, 52.25, '2021-10-06'),
(1016, 184, 10, 'DE', 15, 10.2, '2021-10-07'),
(1017, 169, 102, 'FR', 1, 23.76, '2021-10-08'),
(1018, 137, 29, 'FR', 9, 16.38, '2021-10-09'),
(1019, 150, 56, 'IT', 6, 60.16, '2021-10-10'),
(1020, 197, 14, 'DE', 19, 14.175, '2021-10-11'),
(1021, 171, 104, 'IT', 6, 22.56, '2021-10-12'),
(1022, 194, 68, 'FR', 10, 15.3, '2021-10-13'),
(1023, 112, 52, 'FR', 1, 39.6, '2021-10-14'),
(1024, 183, 82, 'DE', 20, 7.2, '2021-10-15'),
(1025, 177, 10, 'IT', 8, 37.72, '2021-10-16'),
(1026, 153, 20, 'FR', 11, 40.05, '2021-10-17'),
(1027, 197, 103, 'DE', 3, 16.975, '2021-10-18'),
(1028, 170, 44, 'IT', 20, 15.2, '2021-10-19'),
(1029, 124, 53, 'IT', 7, 11.16, '2021-10-20'),
(1030, 178, 88, 'IT', 16, 34.44, '2021-10-21'),
(1031, 162, 52, 'FR', 8, 25.76, '2021-10-22'),
(1032, 196, 99, 'FR', 2, 11.76, '2021-10-23'),
(1033, 168, 32, 'FR', 19, 25.92, '2021-10-24'),
(1034, 118, 90, 'FR', 12, 57.2, '2021-10-24'),
(1035, 111, 66, 'IT', 14, 27.09, '2021-10-26'),
(1036, 204, 10, 'DE', 11, 8.01, '2021-10-27'),
(1037, 125, 26, 'IT', 16, 26.88, '2021-10-28'),
(1038, 134, 64, 'IT', 16, 10.92, '2021-10-29'),
(1039, 129, 29, 'DE', 8, 21.16, '2021-10-30'),
(1040, 202, 33, 'DE', 3, 71.78, '2021-10-31'),
(1041, 195, 25, 'FR', 5, 18.05, '2021-11-01'),
(1042, 204, 15, 'FR', 4, 8.64, '2021-11-02'),
(1043, 177, 11, 'DE', 3, 39.77, '2021-11-03'),
(1044, 182, 105, 'DE', 12, 11.44, '2021-11-04'),
(1046, 114, 47, 'IT', 20, 28.8, '2021-11-06'),
(1047, 140, 28, 'IT', 5, 38.95, '2021-11-07'),
(1048, 107, 99, 'IT', 17, 9.296, '2021-11-08'),
(1049, 139, 13, 'DE', 15, 10.2, '2021-11-09'),
(1050, 178, 42, 'FR', 9, 37.31, '2021-11-10'),
(1051, 171, 14, 'IT', 16, 20.16, '2021-11-11'),
(1052, 130, 12, 'IT', 18, 15.58, '2021-11-12'),
(1053, 182, 52, 'FR', 11, 11.57, '2021-11-13'),
(1054, 124, 34, 'DE', 9, 10.92, '2021-11-14'),
(1055, 131, 70, 'FR', 12, 30.8, '2021-11-15'),
(1056, 178, 18, 'IT', 19, 33.21, '2021-11-16'),
(1057, 164, 68, 'FR', 13, 52.2, '2021-11-17'),
(1058, 146, 15, 'DE', 18, 42.64, '2021-11-18'),
(1059, 168, 98, 'DE', 1, 31.68, '2021-11-19'),
(1060, 105, 27, 'IT', 1, 21.78, '2021-11-20'),
(1061, 132, 15, 'DE', 7, 11.16, '2021-11-21'),
(1062, 190, 18, 'IT', 3, 8.73, '2021-11-22'),
(1063, 135, 4, 'DE', 14, 9.46, '2021-11-23'),
(1064, 184, 92, 'FR', 9, 10.92, '2021-11-24'),
(1065, 176, 40, 'IT', 20, 27.2, '2021-11-25'),
(1066, 177, 7, 'DE', 6, 38.54, '2021-11-26'),
(1067, 146, 77, 'DE', 9, 47.32, '2021-11-27'),
(1068, 168, 30, 'FR', 5, 30.4, '2021-11-28'),
(1069, 172, 87, 'FR', 6, 23.5, '2021-11-29'),
(1070, 125, 102, 'DE', 11, 28.48, '2021-11-30'),
(1071, 187, 30, 'IT', 9, 17.29, '2021-12-01'),
(1072, 105, 11, 'DE', 17, 18.26, '2021-12-02'),
(1073, 146, 91, 'FR', 4, 49.92, '2021-12-03'),
(1074, 171, 96, 'FR', 14, 20.64, '2021-12-04'),
(1075, 117, 59, 'DE', 9, 19.11, '2021-12-05'),
(1076, 154, 17, 'IT', 5, 14.25, '2021-12-06'),
(1077, 190, 87, 'FR', 19, 7.29, '2021-12-07'),
(1078, 111, 14, 'FR', 19, 25.515, '2021-12-08'),
(1079, 128, 80, 'IT', 17, 23.24, '2021-12-09'),
(1080, 178, 97, 'FR', 4, 39.36, '2021-12-09'),
(1081, 123, 2, 'IT', 20, 41.6, '2021-12-09'),
(1082, 204, 49, 'FR', 18, 7.38, '2021-12-09'),
(1083, 128, 79, 'DE', 14, 24.08, '2021-12-13'),
(1084, 165, 94, 'DE', 2, 53.9, '2021-12-14'),
(1085, 163, 43, 'DE', 4, 23.04, '2021-12-15'),
(1086, 163, 11, 'FR', 10, 21.6, '2021-12-16'),
(1087, 128, 65, 'FR', 20, 22.4, '2021-12-17'),
(1088, 149, 49, 'DE', 3, 55.29, '2021-12-18'),
(1089, 130, 96, 'IT', 16, 15.96, '2021-12-19'),
(1090, 200, 99, 'FR', 15, 14.45, '2021-12-20'),
(1091, 143, 46, 'IT', 16, 26.88, '2021-12-21'),
(1092, 190, 38, 'IT', 13, 7.83, '2021-12-22'),
(1093, 121, 105, 'FR', 18, 47.56, '2021-12-23'),
(1094, 132, 70, 'FR', 3, 11.64, '2021-12-24'),
(1095, 198, 25, 'IT', 16, 15.372, '2021-12-25'),
(1096, 101, 4, 'IT', 16, 22.26, '2021-12-26'),
(1097, 159, 46, 'DE', 20, 24.8, '2021-12-27'),
(1098, 202, 35, 'DE', 17, 61.42, '2021-12-28'),
(1099, 150, 51, 'FR', 7, 59.52, '2021-12-29'),
(1100, 110, 73, 'IT', 17, 12.284, '2021-12-30'),
(1101, 177, 65, 'FR', 17, 34.03, '2021-12-31'),
(1102, 174, 8, 'FR', 16, 21.84, '2022-01-01'),
(1103, 162, 75, 'IT', 20, 22.4, '2022-01-02'),
(1104, 151, 61, 'IT', 5, 31.35, '2022-01-03'),
(1105, 196, 106, 'FR', 17, 9.96, '2022-01-04'),
(1106, 110, 55, 'DE', 7, 13.764, '2022-01-05'),
(1107, 101, 76, 'FR', 12, 23.32, '2022-01-06'),
(1108, 147, 47, 'FR', 8, 44.16, '2022-01-07'),
(1109, 179, 97, 'IT', 4, 39.36, '2022-01-08'),
(1110, 164, 87, 'IT', 4, 57.6, '2022-01-09'),
(1111, 165, 78, 'DE', 9, 50.05, '2022-01-10'),
(1112, 181, 51, 'DE', 4, 45.12, '2022-01-11'),
(1113, 148, 84, 'IT', 14, 27.52, '2022-01-12'),
(1114, 198, 104, 'DE', 16, 15.372, '2022-01-13'),
(1115, 169, 45, 'FR', 18, 19.68, '2022-01-14'),
(1116, 169, 23, 'FR', 6, 22.56, '2022-01-15'),
(1117, 122, 98, 'IT', 15, 28.9, '2022-01-15'),
(1118, 192, 1, 'DE', 12, 12.32, '2022-01-17'),
(1119, 101, 75, 'IT', 19, 21.465, '2022-01-18'),
(1120, 132, 84, 'IT', 4, 11.52, '2022-01-19'),
(1121, 112, 27, 'FR', 7, 37.2, '2022-01-20'),
(1122, 124, 32, 'IT', 9, 10.92, '2022-01-21'),
(1123, 126, 40, 'IT', 5, 38.95, '2022-01-22'),
(1124, 153, 8, 'FR', 6, 42.3, '2022-01-23'),
(1125, 123, 11, 'IT', 7, 48.36, '2022-01-24'),
(1126, 135, 104, 'DE', 18, 9.02, '2022-01-25'),
(1127, 205, 40, 'IT', 9, 7.735, '2022-01-26'),
(1128, 141, 67, 'FR', 11, 32.04, '2022-01-27'),
(1129, 145, 47, 'IT', 17, 37.35, '2022-01-28'),
(1130, 112, 30, 'DE', 2, 39.2, '2022-01-29'),
(1131, 103, 69, 'FR', 4, 18.24, '2022-01-30'),
(1132, 151, 9, 'FR', 5, 31.35, '2022-01-31'),
(1133, 203, 72, 'IT', 9, 9.1, '2022-02-01'),
(1134, 159, 17, 'FR', 14, 26.66, '2022-02-02'),
(1135, 173, 76, 'IT', 8, 24.84, '2022-02-03'),
(1136, 149, 78, 'DE', 20, 45.6, '2022-02-04'),
(1137, 153, 37, 'DE', 9, 40.95, '2022-02-05'),
(1138, 190, 45, 'FR', 11, 8.01, '2022-02-06'),
(1139, 111, 89, 'FR', 6, 29.61, '2022-02-07'),
(1140, 154, 7, 'DE', 13, 13.05, '2022-02-08'),
(1141, 150, 77, 'IT', 20, 51.2, '2022-02-09'),
(1142, 156, 40, 'IT', 11, 20.47, '2022-02-10'),
(1143, 104, 78, 'FR', 18, 12.3, '2022-02-11'),
(1144, 170, 3, 'IT', 2, 18.62, '2022-02-12'),
(1145, 188, 73, 'IT', 1, 11.88, '2022-02-13'),
(1146, 161, 97, 'FR', 16, 22.68, '2022-02-14'),
(1147, 193, 41, 'DE', 4, 14.4, '2022-02-15'),
(1148, 138, 19, 'FR', 7, 11.16, '2022-02-16'),
(1149, 200, 100, 'FR', 9, 15.47, '2022-02-17'),
(1150, 181, 46, 'FR', 11, 41.83, '2022-02-18'),
(1151, 107, 17, 'FR', 15, 9.52, '2022-02-19'),
(1152, 126, 72, 'FR', 5, 38.95, '2022-02-20'),
(1153, 159, 83, 'IT', 8, 28.52, '2022-02-21'),
(1154, 174, 9, 'DE', 12, 22.88, '2022-02-22'),
(1155, 117, 18, 'DE', 1, 20.79, '2022-02-23'),
(1156, 145, 60, 'IT', 2, 44.1, '2022-02-24'),
(1157, 176, 19, 'IT', 3, 32.98, '2022-02-25'),
(1158, 122, 63, 'FR', 9, 30.94, '2022-02-26'),
(1160, 154, 45, 'FR', 3, 14.55, '2022-02-28'),
(1161, 196, 20, 'FR', 20, 9.6, '2022-03-01'),
(1162, 131, 59, 'DE', 6, 32.9, '2022-03-02'),
(1163, 190, 83, 'FR', 14, 7.74, '2022-03-03'),
(1164, 180, 34, 'FR', 5, 34.2, '2022-03-04'),
(1165, 167, 32, 'FR', 10, 10.8, '2022-03-05'),
(1166, 164, 7, 'IT', 11, 53.4, '2022-03-06'),
(1167, 147, 59, 'IT', 16, 40.32, '2022-03-07'),
(1168, 121, 17, 'DE', 20, 46.4, '2022-03-08'),
(1169, 188, 22, 'IT', 13, 10.44, '2022-03-09'),
(1170, 186, 47, 'FR', 3, 15.52, '2022-03-10'),
(1171, 176, 31, 'DE', 17, 28.22, '2022-03-11'),
(1172, 205, 14, 'IT', 14, 7.31, '2022-03-12'),
(1174, 198, 38, 'IT', 10, 16.47, '2022-03-14'),
(1175, 181, 69, 'FR', 9, 42.77, '2022-03-15'),
(1176, 173, 89, 'FR', 4, 25.92, '2022-03-16'),
(1177, 200, 32, 'DE', 1, 16.038, '2022-03-17'),
(1178, 171, 48, 'IT', 10, 21.6, '2022-03-18'),
(1179, 130, 78, 'FR', 1, 18.81, '2022-03-19'),
(1180, 202, 48, 'FR', 4, 71.04, '2022-03-20'),
(1181, 157, 17, 'DE', 7, 52.08, '2022-03-21'),
(1182, 161, 64, 'IT', 3, 26.19, '2022-03-22'),
(1183, 181, 90, 'FR', 7, 43.71, '2022-03-23'),
(1184, 111, 52, 'IT', 14, 27.09, '2022-03-24'),
(1185, 111, 30, 'DE', 1, 31.185, '2022-03-25'),
(1186, 109, 106, 'DE', 13, 16.269, '2022-03-26'),
(1187, 194, 7, 'FR', 1, 16.83, '2022-03-27'),
(1188, 152, 91, 'IT', 20, 20.8, '2022-03-28'),
(1189, 118, 98, 'FR', 4, 62.4, '2022-03-29'),
(1190, 132, 93, 'DE', 8, 11.04, '2022-03-30'),
(1191, 136, 13, 'IT', 2, 20.58, '2022-03-31'),
(1192, 139, 54, 'IT', 19, 9.72, '2022-04-01'),
(1193, 172, 1, 'DE', 11, 22.25, '2022-04-02'),
(1194, 104, 57, 'DE', 7, 13.95, '2022-04-03'),
(1195, 167, 82, 'FR', 17, 9.96, '2022-04-04'),
(1196, 178, 58, 'DE', 1, 40.59, '2022-04-05'),
(1197, 109, 39, 'FR', 1, 18.513, '2022-04-06'),
(1198, 137, 68, 'FR', 9, 16.38, '2022-04-07'),
(1199, 143, 84, 'IT', 17, 26.56, '2022-04-08'),
(1200, 181, 22, 'DE', 18, 38.54, '2022-04-09'),
(1201, 111, 36, 'DE', 6, 29.61, '2022-04-10'),
(1202, 124, 21, 'DE', 6, 11.28, '2022-04-11'),
(1203, 191, 35, 'DE', 9, 6.37, '2022-04-12'),
(1204, 104, 69, 'DE', 1, 14.85, '2022-04-13'),
(1205, 165, 34, 'IT', 10, 49.5, '2022-04-14'),
(1206, 177, 6, 'IT', 15, 34.85, '2022-04-15'),
(1207, 180, 97, 'FR', 9, 32.76, '2022-04-16'),
(1208, 157, 19, 'DE', 8, 51.52, '2022-04-17'),
(1209, 202, 8, 'FR', 16, 8.4, '2022-04-18'),
(1210, 146, 28, 'FR', 7, 48.36, '2022-04-19'),
(1211, 112, 57, 'FR', 5, 38, '2022-04-20'),
(1212, 198, 47, 'IT', 9, 16.653, '2022-04-21'),
(1213, 201, 14, 'FR', 16, 17.64, '2022-04-22'),
(1214, 113, 17, 'FR', 10, 39.6, '2022-04-23'),
(1216, 126, 51, 'FR', 7, 38.13, '2022-04-25'),
(1217, 159, 45, 'FR', 18, 25.42, '2022-04-26'),
(1218, 103, 60, 'DE', 10, 17.1, '2022-04-27'),
(1219, 105, 63, 'IT', 18, 18.04, '2022-04-28'),
(1220, 151, 62, 'FR', 15, 28.05, '2022-04-29'),
(1221, 158, 17, 'DE', 17, 29.88, '2022-04-30'),
(1222, 140, 41, 'DE', 17, 34.03, '2022-05-01'),
(1224, 182, 93, 'FR', 15, 11.05, '2022-05-03'),
(1225, 153, 91, 'IT', 10, 40.5, '2022-05-04'),
(1226, 154, 42, 'DE', 1, 14.85, '2022-05-05'),
(1227, 186, 90, 'IT', 15, 13.6, '2022-05-06'),
(1228, 165, 14, 'DE', 5, 52.25, '2022-05-07'),
(1229, 143, 52, 'FR', 14, 27.52, '2022-05-08'),
(1230, 182, 57, 'FR', 16, 10.92, '2022-05-09'),
(1231, 129, 49, 'IT', 1, 22.77, '2022-05-10'),
(1232, 197, 63, 'FR', 17, 14.525, '2022-05-11'),
(1233, 171, 36, 'IT', 15, 20.4, '2022-05-12'),
(1234, 197, 69, 'DE', 20, 14, '2022-05-13'),
(1235, 186, 54, 'DE', 4, 15.36, '2022-05-14'),
(1236, 140, 93, 'FR', 19, 33.21, '2022-05-15'),
(1237, 179, 5, 'DE', 7, 38.13, '2022-05-16'),
(1238, 134, 83, 'IT', 3, 12.61, '2022-05-17'),
(1240, 110, 73, 'FR', 15, 12.58, '2022-05-19'),
(1241, 108, 36, 'IT', 1, 12.177, '2022-05-20'),
(1242, 159, 20, 'IT', 19, 25.11, '2022-05-21'),
(1243, 174, 61, 'IT', 4, 24.96, '2022-05-22'),
(1244, 153, 94, 'FR', 2, 44.1, '2022-05-23'),
(1245, 191, 80, 'IT', 14, 6.02, '2022-05-24'),
(1246, 120, 35, 'DE', 9, 52.78, '2022-05-24'),
(1247, 147, 33, 'DE', 2, 47.04, '2022-05-26'),
(1248, 167, 99, 'FR', 19, 9.72, '2022-05-27'),
(1249, 116, 83, 'FR', 4, 48.96, '2022-05-28'),
(1250, 154, 8, 'IT', 12, 13.2, '2022-05-29'),
(1251, 173, 96, 'DE', 13, 23.49, '2022-05-30'),
(1252, 159, 46, 'DE', 7, 28.83, '2022-05-31'),
(1253, 181, 35, 'IT', 20, 37.6, '2022-06-01'),
(1254, 200, 3, 'IT', 4, 15.552, '2022-06-02'),
(1255, 136, 15, 'FR', 18, 17.22, '2022-06-03'),
(1256, 198, 8, 'FR', 1, 18.117, '2022-06-04'),
(1257, 124, 35, 'DE', 3, 11.64, '2022-06-05'),
(1258, 176, 74, 'DE', 9, 30.94, '2022-06-06'),
(1259, 119, 9, 'IT', 10, 49.5, '2022-06-07'),
(1260, 123, 8, 'IT', 11, 46.28, '2022-06-08'),
(1261, 122, 40, 'DE', 11, 30.26, '2022-06-09'),
(1262, 178, 47, 'DE', 7, 38.13, '2022-06-10'),
(1263, 174, 34, 'DE', 7, 24.18, '2022-06-11'),
(1264, 131, 93, 'FR', 3, 33.95, '2022-06-12'),
(1265, 149, 8, 'IT', 12, 50.16, '2022-06-13'),
(1266, 156, 14, 'DE', 10, 20.7, '2022-06-14'),
(1267, 134, 54, 'DE', 5, 12.35, '2022-06-15'),
(1268, 102, 92, 'IT', 11, 21.716, '2022-06-16'),
(1270, 106, 43, 'FR', 16, 10.5, '2022-06-18'),
(1271, 124, 104, 'FR', 11, 10.68, '2022-06-19'),
(1272, 174, 53, 'IT', 10, 23.4, '2022-06-20'),
(1273, 119, 37, 'FR', 12, 48.4, '2022-06-21'),
(1274, 201, 6, 'DE', 9, 19.11, '2022-06-22'),
(1275, 180, 55, 'IT', 14, 30.96, '2022-06-23'),
(1276, 157, 49, 'DE', 7, 52.08, '2022-06-24'),
(1277, 187, 92, 'IT', 12, 16.72, '2022-06-25'),
(1278, 132, 104, 'FR', 12, 10.56, '2022-06-26'),
(1279, 106, 73, 'FR', 17, 10.375, '2022-06-27'),
(1280, 109, 44, 'IT', 15, 15.895, '2022-06-28'),
(1281, 107, 33, 'FR', 18, 9.184, '2022-06-29'),
(1282, 199, 57, 'FR', 3, 11.834, '2022-06-30'),
(1283, 196, 35, 'FR', 13, 10.44, '2022-07-01'),
(1284, 198, 89, 'FR', 19, 14.823, '2022-07-02'),
(1285, 130, 48, 'DE', 6, 17.86, '2022-07-02'),
(1286, 158, 79, 'FR', 6, 33.84, '2022-07-04'),
(1287, 175, 92, 'FR', 4, 29.76, '2022-07-05'),
(1288, 112, 4, 'IT', 6, 37.6, '2022-07-06'),
(1289, 159, 42, 'FR', 15, 26.35, '2022-07-07'),
(1290, 103, 45, 'FR', 13, 16.53, '2022-07-08'),
(1291, 201, 40, 'DE', 10, 18.9, '2022-07-09'),
(1293, 185, 78, 'IT', 1, 21.78, '2022-07-11'),
(1294, 148, 25, 'IT', 3, 31.04, '2022-07-12'),
(1295, 150, 76, 'FR', 12, 56.32, '2022-07-13'),
(1296, 196, 38, 'FR', 20, 9.6, '2022-07-14'),
(1297, 162, 102, 'IT', 14, 24.08, '2022-07-15'),
(1298, 179, 54, 'IT', 3, 39.77, '2022-07-16'),
(1299, 185, 80, 'IT', 14, 18.92, '2022-07-17'),
(1300, 129, 43, 'IT', 1, 22.77, '2022-07-18'),
(1301, 175, 101, 'IT', 12, 27.28, '2022-07-19'),
(1302, 189, 2, 'FR', 15, 18.7, '2022-07-20'),
(1303, 168, 106, 'DE', 11, 28.48, '2022-07-21'),
(1304, 136, 6, 'IT', 7, 19.53, '2022-07-22'),
(1305, 198, 88, 'DE', 17, 15.189, '2022-07-23'),
(1306, 151, 2, 'FR', 1, 32.67, '2022-07-24'),
(1307, 179, 44, 'IT', 8, 37.72, '2022-07-25'),
(1308, 136, 66, 'DE', 3, 20.37, '2022-07-26'),
(1309, 203, 106, 'IT', 16, 19.32, '2022-07-27'),
(1310, 165, 6, 'FR', 13, 47.85, '2022-07-28'),
(1311, 143, 26, 'DE', 14, 27.52, '2022-07-29'),
(1312, 102, 44, 'FR', 15, 20.74, '2022-07-30'),
(1314, 128, 47, 'FR', 5, 26.6, '2022-08-01'),
(1315, 174, 83, 'DE', 14, 22.36, '2022-08-02'),
(1316, 200, 73, 'DE', 4, 15.552, '2022-08-03'),
(1317, 101, 38, 'IT', 5, 25.175, '2022-08-04'),
(1318, 173, 73, 'DE', 14, 23.22, '2022-08-05'),
(1319, 203, 87, 'DE', 19, 18.63, '2022-08-06'),
(1320, 178, 39, 'IT', 13, 35.67, '2022-08-07'),
(1321, 202, 97, 'DE', 12, 8.8, '2022-08-08'),
(1322, 179, 25, 'IT', 17, 34.03, '2022-08-09'),
(1323, 123, 47, 'IT', 12, 45.76, '2022-08-09'),
(1324, 200, 95, 'IT', 4, 15.552, '2022-08-09'),
(1325, 170, 62, 'IT', 4, 18.24, '2022-08-09'),
(1326, 153, 88, 'DE', 16, 37.8, '2022-08-09'),
(1327, 185, 98, 'DE', 18, 18.04, '2022-08-14'),
(1328, 179, 8, 'IT', 5, 38.95, '2022-08-15'),
(1329, 181, 44, 'DE', 8, 43.24, '2022-08-16'),
(1330, 180, 63, 'IT', 4, 34.56, '2022-08-17'),
(1331, 113, 48, 'IT', 10, 39.6, '2022-08-18'),
(1332, 200, 63, 'IT', 9, 15.47, '2022-08-19'),
(1333, 189, 82, 'IT', 13, 19.14, '2022-08-20'),
(1334, 138, 103, 'FR', 20, 9.6, '2022-08-21'),
(1335, 104, 79, 'DE', 17, 12.45, '2022-08-22'),
(1336, 171, 23, 'IT', 13, 20.88, '2022-08-23'),
(1337, 113, 105, 'IT', 6, 41.36, '2022-08-24'),
(1338, 174, 94, 'DE', 13, 22.62, '2022-08-25'),
(1339, 185, 44, 'FR', 15, 18.7, '2022-08-26'),
(1340, 153, 58, 'FR', 16, 37.8, '2022-08-27'),
(1341, 164, 93, 'FR', 5, 57, '2022-08-28'),
(1342, 172, 83, 'FR', 16, 21, '2022-08-29'),
(1343, 172, 62, 'IT', 3, 24.25, '2022-08-30'),
(1344, 201, 56, 'IT', 12, 16.192, '2022-08-31'),
(1345, 137, 104, 'DE', 17, 14.94, '2022-09-01'),
(1346, 137, 10, 'IT', 17, 14.94, '2022-09-02'),
(1347, 101, 58, 'IT', 18, 21.73, '2022-09-03'),
(1348, 173, 103, 'IT', 17, 22.41, '2022-09-04'),
(1349, 138, 89, 'IT', 12, 10.56, '2022-09-05'),
(1350, 156, 96, 'DE', 20, 18.4, '2022-09-06'),
(1351, 103, 5, 'DE', 1, 18.81, '2022-09-07'),
(1352, 184, 11, 'IT', 7, 11.16, '2022-09-08'),
(1353, 137, 51, 'IT', 18, 14.76, '2022-09-09'),
(1354, 136, 15, 'FR', 8, 19.32, '2022-09-10'),
(1355, 192, 35, 'IT', 3, 13.58, '2022-09-11'),
(1356, 120, 39, 'DE', 16, 48.72, '2022-09-12'),
(1358, 108, 35, 'DE', 5, 11.685, '2022-09-14'),
(1359, 130, 35, 'IT', 18, 15.58, '2022-09-15'),
(1360, 104, 74, 'IT', 7, 13.95, '2022-09-16'),
(1361, 184, 93, 'FR', 17, 9.96, '2022-09-17'),
(1362, 143, 38, 'IT', 18, 26.24, '2022-09-18'),
(1363, 173, 49, 'FR', 18, 22.14, '2022-09-19'),
(1364, 146, 84, 'DE', 14, 44.72, '2022-09-19'),
(1365, 199, 13, 'DE', 15, 10.37, '2022-09-19'),
(1366, 119, 97, 'FR', 13, 47.85, '2022-09-22'),
(1368, 196, 26, 'DE', 17, 9.96, '2022-09-24'),
(1369, 116, 104, 'FR', 3, 49.47, '2022-09-25'),
(1370, 197, 50, 'IT', 13, 15.225, '2022-09-26'),
(1372, 169, 45, 'IT', 5, 22.8, '2022-09-28'),
(1373, 135, 95, 'DE', 20, 8.8, '2022-09-29'),
(1374, 190, 65, 'DE', 17, 7.47, '2022-09-30'),
(1375, 192, 56, 'FR', 11, 12.46, '2022-10-01'),
(1376, 177, 58, 'DE', 7, 38.13, '2022-10-02'),
(1377, 167, 43, 'IT', 3, 11.64, '2022-10-03'),
(1378, 142, 9, 'DE', 2, 52.92, '2022-10-04'),
(1379, 194, 66, 'FR', 1, 16.83, '2022-10-05'),
(1380, 148, 48, 'FR', 7, 29.76, '2022-10-06'),
(1381, 150, 62, 'IT', 5, 60.8, '2022-10-07'),
(1382, 112, 31, 'FR', 14, 34.4, '2022-10-08'),
(1383, 106, 106, 'FR', 17, 10.375, '2022-10-09'),
(1384, 160, 7, 'DE', 17, 34.86, '2022-10-10'),
(1385, 106, 34, 'IT', 9, 11.375, '2022-10-11'),
(1386, 204, 52, 'DE', 14, 7.74, '2022-10-12'),
(1387, 142, 97, 'FR', 13, 46.98, '2022-10-13'),
(1388, 139, 49, 'IT', 1, 11.88, '2022-10-14'),
(1389, 174, 8, 'IT', 4, 24.96, '2022-10-15'),
(1390, 188, 47, 'DE', 15, 10.2, '2022-10-16'),
(1391, 178, 28, 'IT', 2, 40.18, '2022-10-17'),
(1393, 202, 89, 'FR', 9, 67.34, '2022-10-19'),
(1394, 122, 55, 'IT', 14, 29.24, '2022-10-20'),
(1395, 118, 32, 'FR', 3, 63.05, '2022-10-21'),
(1396, 173, 49, 'IT', 11, 24.03, '2022-10-22'),
(1397, 162, 94, 'DE', 15, 23.8, '2022-10-23'),
(1398, 145, 68, 'DE', 1, 44.55, '2022-10-24'),
(1399, 110, 22, 'FR', 12, 13.024, '2022-10-25'),
(1400, 179, 78, 'DE', 19, 33.21, '2022-10-26'),
(1401, 127, 44, 'DE', 4, 23.04, '2022-10-27'),
(1402, 174, 17, 'IT', 14, 22.36, '2022-10-28'),
(1403, 137, 28, 'IT', 18, 14.76, '2022-10-29'),
(1404, 202, 64, 'FR', 11, 8.9, '2022-10-30'),
(1405, 104, 96, 'IT', 6, 14.1, '2022-10-31'),
(1406, 111, 86, 'FR', 20, 25.2, '2022-11-01'),
(1407, 106, 12, 'DE', 18, 10.25, '2022-11-02'),
(1408, 200, 80, 'DE', 11, 15.13, '2022-11-03'),
(1409, 156, 77, 'FR', 8, 21.16, '2022-11-04'),
(1410, 171, 37, 'DE', 1, 23.76, '2022-11-05'),
(1411, 191, 45, 'IT', 3, 6.79, '2022-11-05'),
(1412, 151, 60, 'IT', 17, 27.39, '2022-11-05'),
(1413, 131, 71, 'DE', 18, 28.7, '2022-11-08'),
(1414, 151, 22, 'IT', 19, 26.73, '2022-11-09'),
(1415, 173, 29, 'IT', 17, 22.41, '2022-11-10'),
(1416, 135, 87, 'DE', 16, 9.24, '2022-11-11'),
(1417, 124, 22, 'DE', 18, 9.84, '2022-11-12'),
(1418, 203, 32, 'IT', 19, 8.1, '2022-11-13'),
(1419, 109, 32, 'DE', 13, 16.269, '2022-11-14'),
(1420, 128, 37, 'FR', 17, 23.24, '2022-11-15'),
(1421, 169, 73, 'FR', 5, 22.8, '2022-11-16'),
(1422, 130, 37, 'FR', 9, 17.29, '2022-11-17'),
(1423, 136, 68, 'IT', 10, 18.9, '2022-11-18'),
(1424, 125, 75, 'IT', 10, 28.8, '2022-11-19'),
(1425, 101, 72, 'DE', 14, 22.79, '2022-11-20'),
(1426, 201, 96, 'FR', 2, 18.032, '2022-11-21'),
(1427, 196, 39, 'IT', 12, 10.56, '2022-11-22'),
(1428, 179, 88, 'DE', 11, 36.49, '2022-11-23'),
(1429, 173, 80, 'IT', 6, 25.38, '2022-11-24'),
(1430, 183, 14, 'FR', 7, 8.37, '2022-11-25'),
(1431, 108, 60, 'DE', 8, 11.316, '2022-11-26'),
(1432, 167, 87, 'IT', 5, 11.4, '2022-11-27'),
(1433, 195, 15, 'FR', 4, 18.24, '2022-11-28'),
(1434, 149, 80, 'FR', 4, 54.72, '2022-11-29'),
(1435, 151, 101, 'IT', 9, 30.03, '2022-11-30'),
(1436, 176, 84, 'IT', 7, 31.62, '2022-12-01'),
(1437, 129, 99, 'DE', 6, 21.62, '2022-12-02'),
(1438, 186, 7, 'DE', 20, 12.8, '2022-12-03'),
(1439, 158, 96, 'DE', 19, 29.16, '2022-12-04'),
(1440, 103, 102, 'IT', 13, 16.53, '2022-12-05'),
(1441, 203, 100, 'DE', 10, 9, '2022-12-06'),
(1442, 184, 4, 'FR', 2, 11.76, '2022-12-07'),
(1443, 171, 56, 'IT', 15, 20.4, '2022-12-08'),
(1444, 108, 5, 'FR', 17, 10.209, '2022-12-09'),
(1445, 119, 17, 'FR', 8, 50.6, '2022-12-10'),
(1446, 180, 33, 'IT', 1, 35.64, '2022-12-11'),
(1447, 116, 46, 'FR', 14, 43.86, '2022-12-12'),
(1448, 105, 84, 'FR', 20, 17.6, '2022-12-13'),
(1449, 202, 15, 'FR', 13, 8.7, '2022-12-14'),
(1450, 117, 40, 'FR', 16, 17.64, '2022-12-15'),
(1451, 168, 47, 'FR', 18, 26.24, '2022-12-16'),
(1452, 184, 18, 'FR', 16, 10.08, '2022-12-17'),
(1453, 163, 8, 'IT', 16, 20.16, '2022-12-18'),
(1454, 112, 55, 'DE', 6, 37.6, '2022-12-19'),
(1455, 202, 78, 'IT', 17, 8.3, '2022-12-20'),
(1456, 158, 27, 'DE', 19, 29.16, '2022-12-21'),
(1457, 189, 65, 'IT', 18, 18.04, '2022-12-22'),
(1458, 195, 6, 'DE', 3, 18.43, '2022-12-23'),
(1459, 172, 14, 'DE', 7, 23.25, '2022-12-24'),
(1460, 157, 40, 'FR', 10, 50.4, '2022-12-25'),
(1461, 172, 20, 'FR', 19, 20.25, '2022-12-26'),
(1462, 167, 77, 'FR', 17, 9.96, '2022-12-27'),
(1463, 106, 13, 'DE', 2, 12.25, '2022-12-28'),
(1464, 181, 102, 'IT', 17, 39.01, '2022-12-29'),
(1465, 174, 101, 'DE', 4, 24.96, '2022-12-30'),
(1467, 137, 32, 'FR', 7, 16.74, '2023-01-01'),
(1468, 122, 71, 'DE', 18, 27.88, '2023-01-02'),
(1469, 112, 77, 'DE', 3, 38.8, '2023-01-03'),
(1470, 140, 6, 'FR', 4, 39.36, '2023-01-04'),
(1471, 173, 30, 'FR', 6, 25.38, '2023-01-05'),
(1472, 146, 79, 'FR', 5, 49.4, '2023-01-06'),
(1473, 203, 72, 'DE', 7, 21.39, '2023-01-07'),
(1474, 161, 103, 'FR', 16, 22.68, '2023-01-08'),
(1475, 138, 32, 'FR', 6, 11.28, '2023-01-09'),
(1476, 120, 77, 'IT', 19, 46.98, '2023-01-10'),
(1477, 188, 36, 'DE', 7, 11.16, '2023-01-11'),
(1478, 137, 7, 'IT', 3, 17.46, '2023-01-12'),
(1479, 127, 53, 'IT', 20, 19.2, '2023-01-13'),
(1480, 149, 21, 'FR', 15, 48.45, '2023-01-14'),
(1481, 184, 29, 'FR', 14, 10.32, '2023-01-15'),
(1482, 136, 72, 'DE', 4, 20.16, '2023-01-16'),
(1483, 140, 12, 'IT', 18, 33.62, '2023-01-17'),
(1484, 171, 77, 'DE', 17, 19.92, '2023-01-18'),
(1485, 134, 44, 'FR', 20, 10.4, '2023-01-19'),
(1486, 148, 62, 'FR', 14, 27.52, '2023-01-20'),
(1487, 203, 67, 'FR', 19, 8.1, '2023-01-21'),
(1489, 202, 56, 'FR', 9, 9.1, '2023-01-23'),
(1490, 109, 41, 'FR', 19, 15.147, '2023-01-24'),
(1491, 203, 68, 'DE', 4, 9.6, '2023-01-25'),
(1492, 140, 15, 'IT', 15, 34.85, '2023-01-26'),
(1493, 168, 102, 'DE', 7, 29.76, '2023-01-27'),
(1494, 170, 34, 'DE', 17, 15.77, '2023-01-28'),
(1495, 117, 11, 'IT', 11, 18.69, '2023-01-29'),
(1496, 116, 44, 'IT', 10, 45.9, '2023-01-30'),
(1497, 172, 44, 'DE', 12, 22, '2023-01-31'),
(1498, 145, 25, 'DE', 20, 36, '2023-02-01'),
(1499, 203, 78, 'DE', 1, 22.77, '2023-02-02'),
(1500, 159, 41, 'DE', 15, 26.35, '2023-02-03'),
(1501, 190, 35, 'DE', 7, 8.37, '2023-02-04'),
(1502, 109, 63, 'FR', 15, 15.895, '2023-02-05'),
(1503, 157, 27, 'IT', 2, 54.88, '2023-02-06'),
(1504, 123, 71, 'FR', 16, 43.68, '2023-02-07'),
(1505, 191, 73, 'FR', 5, 6.65, '2023-02-08'),
(1506, 102, 48, 'IT', 11, 21.716, '2023-02-09'),
(1507, 137, 74, 'FR', 20, 14.4, '2023-02-10'),
(1508, 137, 55, 'DE', 4, 17.28, '2023-02-11'),
(1509, 162, 65, 'FR', 12, 24.64, '2023-02-12'),
(1510, 156, 18, 'DE', 15, 19.55, '2023-02-13'),
(1511, 140, 50, 'DE', 13, 35.67, '2023-02-14'),
(1512, 177, 43, 'DE', 8, 37.72, '2023-02-15'),
(1513, 204, 105, 'DE', 20, 7.2, '2023-02-16'),
(1514, 129, 37, 'DE', 8, 21.16, '2023-02-17'),
(1515, 159, 28, 'FR', 4, 29.76, '2023-02-18'),
(1516, 130, 56, 'IT', 7, 17.67, '2023-02-19'),
(1517, 105, 95, 'IT', 13, 19.14, '2023-02-20'),
(1518, 105, 21, 'IT', 20, 17.6, '2023-02-21'),
(1519, 113, 51, 'FR', 11, 39.16, '2023-02-22'),
(1520, 140, 6, 'IT', 18, 33.62, '2023-02-23'),
(1521, 151, 61, 'IT', 3, 32.01, '2023-02-24'),
(1522, 178, 23, 'FR', 3, 39.77, '2023-02-25'),
(1523, 115, 11, 'FR', 12, 23.76, '2023-02-26'),
(1524, 117, 44, 'FR', 1, 20.79, '2023-02-27'),
(1525, 127, 79, 'IT', 6, 22.56, '2023-02-28'),
(1526, 193, 83, 'FR', 8, 13.8, '2023-03-01'),
(1527, 201, 72, 'FR', 12, 18.48, '2023-03-02'),
(1528, 124, 54, 'FR', 3, 11.64, '2023-03-03'),
(1529, 156, 8, 'FR', 2, 22.54, '2023-03-04'),
(1530, 170, 102, 'FR', 15, 16.15, '2023-03-05'),
(1531, 199, 67, 'DE', 12, 10.736, '2023-03-06'),
(1532, 139, 14, 'DE', 5, 11.4, '2023-03-07'),
(1533, 143, 22, 'DE', 14, 27.52, '2023-03-08'),
(1534, 119, 22, 'FR', 1, 54.45, '2023-03-09'),
(1535, 140, 20, 'DE', 4, 39.36, '2023-03-10'),
(1536, 200, 74, 'FR', 15, 13.77, '2023-03-11'),
(1537, 109, 74, 'IT', 13, 16.269, '2023-03-12'),
(1538, 181, 43, 'DE', 15, 39.95, '2023-03-13'),
(1539, 205, 105, 'DE', 17, 7.055, '2023-03-14'),
(1540, 134, 49, 'DE', 9, 11.83, '2023-03-15'),
(1541, 186, 18, 'DE', 6, 15.04, '2023-03-16'),
(1542, 150, 55, 'IT', 16, 53.76, '2023-03-17'),
(1543, 104, 67, 'IT', 13, 13.05, '2023-03-18'),
(1544, 129, 92, 'DE', 1, 22.77, '2023-03-19'),
(1545, 203, 52, 'IT', 1, 22.77, '2023-03-20'),
(1546, 104, 99, 'FR', 14, 12.9, '2023-03-21'),
(1548, 201, 32, 'FR', 11, 16.376, '2023-03-23'),
(1549, 142, 10, 'IT', 1, 53.46, '2023-03-24'),
(1550, 132, 52, 'IT', 17, 9.96, '2023-03-25'),
(1551, 146, 78, 'IT', 6, 48.88, '2023-03-26'),
(1552, 168, 25, 'FR', 2, 31.36, '2023-03-27'),
(1553, 203, 25, 'IT', 6, 21.62, '2023-03-28'),
(1554, 123, 44, 'FR', 6, 48.88, '2023-03-29'),
(1555, 147, 75, 'DE', 6, 45.12, '2023-03-30'),
(1556, 199, 77, 'DE', 17, 10.126, '2023-03-31'),
(1557, 107, 96, 'FR', 3, 10.864, '2023-04-01'),
(1558, 128, 75, 'FR', 20, 22.4, '2023-04-02'),
(1559, 196, 86, 'IT', 8, 11.04, '2023-04-03'),
(1560, 103, 62, 'IT', 19, 15.39, '2023-04-04'),
(1561, 163, 106, 'FR', 3, 23.28, '2023-04-05'),
(1562, 152, 100, 'FR', 19, 21.06, '2023-04-05'),
(1563, 103, 22, 'DE', 10, 17.1, '2023-04-05'),
(1564, 107, 14, 'DE', 13, 9.744, '2023-04-05'),
(1566, 174, 70, 'FR', 11, 23.14, '2023-04-05'),
(1567, 190, 26, 'IT', 8, 8.28, '2023-04-11'),
(1568, 161, 17, 'DE', 5, 25.65, '2023-04-12'),
(1569, 201, 45, 'IT', 2, 20.58, '2023-04-13'),
(1570, 201, 34, 'DE', 3, 20.37, '2023-04-14'),
(1571, 202, 2, 'DE', 15, 8.5, '2023-04-15'),
(1572, 202, 11, 'DE', 12, 65.12, '2023-04-16'),
(1573, 182, 98, 'FR', 17, 10.79, '2023-04-17'),
(1574, 140, 17, 'IT', 19, 33.21, '2023-04-18'),
(1575, 204, 42, 'DE', 10, 8.1, '2023-04-19'),
(1577, 172, 44, 'DE', 18, 20.5, '2023-04-21'),
(1578, 202, 19, 'FR', 5, 70.3, '2023-04-22'),
(1579, 160, 49, 'FR', 17, 34.86, '2023-04-23'),
(1580, 201, 22, 'DE', 2, 20.58, '2023-04-24'),
(1582, 191, 48, 'DE', 7, 6.51, '2023-04-26'),
(1583, 173, 50, 'DE', 10, 24.3, '2023-04-27'),
(1584, 135, 63, 'FR', 6, 10.34, '2023-04-28'),
(1585, 143, 48, 'IT', 14, 27.52, '2023-04-29'),
(1586, 190, 31, 'IT', 20, 7.2, '2023-04-30'),
(1587, 149, 65, 'FR', 4, 54.72, '2023-05-01'),
(1588, 103, 4, 'DE', 13, 16.53, '2023-05-02'),
(1589, 187, 35, 'FR', 17, 15.77, '2023-05-03'),
(1590, 180, 4, 'DE', 9, 32.76, '2023-05-04'),
(1591, 109, 21, 'FR', 19, 15.147, '2023-05-05'),
(1592, 201, 13, 'FR', 2, 20.58, '2023-05-06'),
(1593, 117, 45, 'IT', 12, 18.48, '2023-05-07'),
(1594, 111, 32, 'IT', 2, 30.87, '2023-05-08'),
(1595, 138, 60, 'FR', 10, 10.8, '2023-05-09'),
(1596, 113, 73, 'DE', 14, 37.84, '2023-05-10'),
(1597, 129, 42, 'DE', 13, 20.01, '2023-05-11'),
(1598, 126, 103, 'FR', 20, 32.8, '2023-05-12'),
(1599, 187, 42, 'IT', 12, 16.72, '2023-05-13'),
(1600, 202, 71, 'DE', 12, 8.8, '2023-05-14'),
(1601, 137, 50, 'IT', 11, 16.02, '2023-05-15'),
(1602, 158, 11, 'FR', 20, 28.8, '2023-05-16'),
(1603, 103, 93, 'IT', 11, 16.91, '2023-05-17'),
(1605, 112, 98, 'IT', 18, 32.8, '2023-05-19'),
(1606, 201, 62, 'DE', 2, 20.58, '2023-05-20'),
(1608, 149, 20, 'DE', 19, 46.17, '2023-05-22'),
(1609, 106, 36, 'DE', 9, 11.375, '2023-05-23'),
(1610, 128, 39, 'IT', 1, 27.72, '2023-05-24'),
(1611, 119, 42, 'DE', 16, 46.2, '2023-05-25'),
(1612, 160, 10, 'FR', 10, 37.8, '2023-05-26'),
(1613, 164, 43, 'IT', 12, 52.8, '2023-05-27'),
(1614, 201, 8, 'IT', 17, 15.272, '2023-05-28'),
(1615, 124, 8, 'IT', 10, 10.8, '2023-05-29'),
(1616, 190, 100, 'DE', 10, 8.1, '2023-05-30'),
(1617, 202, 18, 'DE', 3, 71.78, '2023-05-31'),
(1618, 165, 44, 'IT', 7, 51.15, '2023-06-01'),
(1619, 101, 98, 'DE', 2, 25.97, '2023-06-02'),
(1620, 148, 17, 'DE', 3, 31.04, '2023-06-03'),
(1621, 160, 41, 'FR', 9, 38.22, '2023-06-04'),
(1622, 173, 14, 'FR', 1, 26.73, '2023-06-05'),
(1623, 157, 97, 'IT', 11, 49.84, '2023-06-06'),
(1624, 131, 14, 'IT', 10, 31.5, '2023-06-07'),
(1625, 107, 22, 'FR', 2, 10.976, '2023-06-08'),
(1626, 158, 36, 'IT', 1, 35.64, '2023-06-09'),
(1627, 200, 5, 'FR', 18, 13.94, '2023-06-10'),
(1628, 202, 61, 'FR', 12, 65.12, '2023-06-11'),
(1629, 156, 58, 'FR', 17, 19.09, '2023-06-12'),
(1630, 115, 82, 'DE', 4, 25.92, '2023-06-13'),
(1631, 121, 61, 'FR', 20, 46.4, '2023-06-14'),
(1632, 197, 100, 'IT', 17, 14.525, '2023-06-15'),
(1633, 197, 52, 'DE', 6, 16.45, '2023-06-16'),
(1634, 102, 82, 'DE', 10, 21.96, '2023-06-17'),
(1635, 132, 83, 'IT', 20, 9.6, '2023-06-18'),
(1636, 190, 106, 'FR', 16, 7.56, '2023-06-19'),
(1637, 178, 67, 'FR', 12, 36.08, '2023-06-20'),
(1638, 202, 45, 'IT', 4, 9.6, '2023-06-21'),
(1639, 135, 5, 'FR', 19, 8.91, '2023-06-22'),
(1640, 143, 18, 'DE', 8, 29.44, '2023-06-23'),
(1641, 129, 39, 'FR', 10, 20.7, '2023-06-24'),
(1642, 201, 79, 'IT', 16, 17.64, '2023-06-24'),
(1643, 200, 11, 'IT', 4, 15.552, '2023-06-26'),
(1644, 177, 50, 'IT', 12, 36.08, '2023-06-27'),
(1645, 165, 36, 'DE', 7, 51.15, '2023-06-28'),
(1646, 196, 49, 'DE', 11, 10.68, '2023-06-29'),
(1647, 168, 63, 'FR', 14, 27.52, '2023-06-30'),
(1648, 178, 26, 'FR', 7, 38.13, '2023-07-01'),
(1649, 116, 94, 'IT', 13, 44.37, '2023-07-02'),
(1650, 117, 61, 'DE', 4, 20.16, '2023-07-03'),
(1651, 205, 54, 'FR', 13, 7.395, '2023-07-04'),
(1652, 203, 12, 'DE', 2, 9.8, '2023-07-05'),
(1653, 120, 7, 'DE', 8, 53.36, '2023-07-06'),
(1654, 107, 53, 'FR', 5, 10.64, '2023-07-07'),
(1655, 190, 36, 'FR', 10, 8.1, '2023-07-08'),
(1656, 128, 68, 'DE', 12, 24.64, '2023-07-09'),
(1657, 118, 105, 'DE', 9, 59.15, '2023-07-10'),
(1658, 123, 84, 'DE', 11, 46.28, '2023-07-11'),
(1659, 175, 104, 'IT', 14, 26.66, '2023-07-12'),
(1661, 203, 89, 'FR', 20, 8, '2023-07-14'),
(1662, 195, 62, 'DE', 8, 17.48, '2023-07-15'),
(1663, 174, 8, 'DE', 13, 22.62, '2023-07-16'),
(1664, 141, 44, 'FR', 1, 35.64, '2023-07-17'),
(1665, 122, 30, 'DE', 11, 30.26, '2023-07-18'),
(1666, 171, 47, 'IT', 12, 21.12, '2023-07-19'),
(1667, 167, 51, 'DE', 3, 11.64, '2023-07-20'),
(1668, 135, 14, 'IT', 5, 10.45, '2023-07-21'),
(1669, 137, 65, 'IT', 17, 14.94, '2023-07-22'),
(1670, 123, 91, 'DE', 16, 43.68, '2023-07-23'),
(1671, 104, 50, 'IT', 17, 12.45, '2023-07-24'),
(1672, 149, 64, 'FR', 18, 46.74, '2023-07-25'),
(1673, 176, 41, 'FR', 8, 31.28, '2023-07-26'),
(1674, 107, 106, 'DE', 9, 10.192, '2023-07-27'),
(1675, 146, 27, 'FR', 4, 49.92, '2023-07-28'),
(1676, 139, 56, 'IT', 6, 11.28, '2023-07-29'),
(1677, 169, 82, 'IT', 14, 20.64, '2023-07-30'),
(1678, 119, 84, 'IT', 3, 53.35, '2023-07-31'),
(1679, 119, 59, 'IT', 20, 44, '2023-08-01'),
(1680, 201, 86, 'FR', 7, 17.112, '2023-08-01'),
(1681, 141, 96, 'DE', 17, 29.88, '2023-08-03'),
(1682, 198, 97, 'DE', 14, 15.738, '2023-08-04'),
(1683, 114, 58, 'IT', 15, 30.6, '2023-08-05'),
(1684, 197, 65, 'FR', 15, 14.875, '2023-08-06'),
(1685, 116, 49, 'IT', 1, 50.49, '2023-08-07'),
(1686, 143, 92, 'DE', 3, 31.04, '2023-08-08'),
(1687, 163, 8, 'IT', 9, 21.84, '2023-08-09'),
(1688, 185, 95, 'FR', 7, 20.46, '2023-08-10'),
(1689, 150, 67, 'DE', 1, 63.36, '2023-08-11'),
(1690, 117, 8, 'IT', 18, 17.22, '2023-08-12'),
(1691, 192, 22, 'DE', 2, 13.72, '2023-08-13'),
(1692, 158, 106, 'DE', 4, 34.56, '2023-08-14'),
(1693, 122, 19, 'FR', 10, 30.6, '2023-08-15'),
(1694, 143, 23, 'DE', 10, 28.8, '2023-08-16'),
(1695, 116, 80, 'FR', 10, 45.9, '2023-08-17'),
(1696, 178, 36, 'DE', 17, 34.03, '2023-08-18'),
(1697, 158, 76, 'DE', 19, 29.16, '2023-08-19'),
(1698, 201, 59, 'IT', 3, 20.37, '2023-08-20'),
(1700, 134, 103, 'FR', 20, 10.4, '2023-08-22'),
(1701, 116, 45, 'FR', 18, 41.82, '2023-08-23'),
(1702, 164, 47, 'IT', 13, 52.2, '2023-08-24'),
(1703, 128, 46, 'FR', 19, 22.68, '2023-08-25'),
(1704, 205, 13, 'IT', 8, 7.82, '2023-08-26'),
(1705, 204, 30, 'FR', 13, 7.83, '2023-08-27'),
(1706, 132, 79, 'DE', 5, 11.4, '2023-08-28'),
(1707, 183, 2, 'DE', 14, 7.74, '2023-08-29'),
(1708, 101, 22, 'IT', 9, 24.115, '2023-08-30'),
(1709, 204, 29, 'FR', 5, 8.55, '2023-08-31'),
(1710, 160, 66, 'FR', 14, 36.12, '2023-09-01'),
(1711, 137, 55, 'FR', 4, 17.28, '2023-09-02'),
(1712, 103, 35, 'DE', 11, 16.91, '2023-09-03'),
(1713, 191, 13, 'FR', 4, 6.72, '2023-09-04'),
(1714, 143, 52, 'IT', 5, 30.4, '2023-09-05'),
(1715, 186, 5, 'DE', 10, 14.4, '2023-09-06'),
(1716, 157, 8, 'IT', 11, 49.84, '2023-09-07'),
(1717, 200, 68, 'FR', 12, 14.256, '2023-09-08'),
(1718, 116, 65, 'FR', 13, 44.37, '2023-09-09'),
(1719, 167, 57, 'IT', 9, 10.92, '2023-09-10'),
(1720, 165, 4, 'IT', 12, 48.4, '2023-09-11'),
(1721, 205, 64, 'IT', 20, 6.8, '2023-09-12'),
(1722, 157, 82, 'IT', 20, 44.8, '2023-09-13'),
(1723, 201, 48, 'DE', 19, 14.904, '2023-09-14'),
(1724, 192, 18, 'IT', 8, 12.88, '2023-09-15'),
(1725, 138, 77, 'FR', 7, 11.16, '2023-09-16'),
(1726, 103, 6, 'IT', 19, 15.39, '2023-09-17'),
(1727, 159, 23, 'FR', 16, 26.04, '2023-09-18'),
(1728, 160, 13, 'FR', 17, 34.86, '2023-09-19'),
(1729, 178, 17, 'DE', 12, 36.08, '2023-09-20'),
(1730, 162, 64, 'IT', 9, 25.48, '2023-09-21'),
(1731, 118, 100, 'IT', 10, 58.5, '2023-09-22'),
(1732, 168, 23, 'DE', 3, 31.04, '2023-09-22'),
(1733, 137, 66, 'IT', 1, 17.82, '2023-09-24'),
(1734, 180, 97, 'FR', 2, 35.28, '2023-09-25'),
(1735, 161, 13, 'IT', 9, 24.57, '2023-09-26'),
(1736, 192, 42, 'DE', 1, 13.86, '2023-09-27'),
(1737, 164, 7, 'FR', 4, 57.6, '2023-09-28'),
(1738, 171, 65, 'FR', 6, 22.56, '2023-09-29'),
(1739, 196, 32, 'DE', 6, 11.28, '2023-09-30'),
(1740, 102, 45, 'DE', 4, 23.424, '2023-10-01'),
(1741, 117, 102, 'DE', 14, 18.06, '2023-10-02'),
(1742, 163, 68, 'IT', 11, 21.36, '2023-10-03'),
(1743, 167, 76, 'IT', 15, 10.2, '2023-10-04'),
(1744, 169, 4, 'IT', 2, 23.52, '2023-10-05'),
(1745, 156, 99, 'IT', 5, 21.85, '2023-10-06'),
(1746, 172, 35, 'IT', 10, 22.5, '2023-10-07'),
(1747, 189, 78, 'DE', 5, 20.9, '2023-10-08'),
(1748, 196, 51, 'IT', 5, 11.4, '2023-10-09'),
(1749, 169, 31, 'FR', 14, 20.64, '2023-10-10'),
(1750, 141, 31, 'DE', 14, 30.96, '2023-10-11'),
(1751, 148, 93, 'FR', 18, 26.24, '2023-10-12'),
(1752, 195, 47, 'IT', 6, 17.86, '2023-10-13'),
(1753, 193, 92, 'IT', 12, 13.2, '2023-10-14'),
(1754, 168, 88, 'DE', 6, 30.08, '2023-10-15'),
(1755, 164, 69, 'DE', 2, 58.8, '2023-10-16'),
(1756, 171, 44, 'IT', 7, 22.32, '2023-10-17'),
(1757, 203, 26, 'DE', 14, 8.6, '2023-10-18'),
(1758, 180, 65, 'IT', 2, 35.28, '2023-10-19'),
(1759, 153, 75, 'IT', 5, 42.75, '2023-10-20'),
(1760, 160, 37, 'FR', 1, 41.58, '2023-10-21'),
(1761, 176, 58, 'FR', 4, 32.64, '2023-10-22'),
(1762, 158, 20, 'FR', 15, 30.6, '2023-10-23'),
(1763, 204, 38, 'IT', 10, 8.1, '2023-10-24'),
(1765, 182, 36, 'DE', 7, 12.09, '2023-10-26'),
(1766, 201, 59, 'FR', 16, 17.64, '2023-10-27'),
(1767, 165, 50, 'FR', 9, 50.05, '2023-10-28'),
(1768, 205, 73, 'DE', 9, 7.735, '2023-10-29'),
(1769, 136, 74, 'FR', 18, 17.22, '2023-10-30'),
(1770, 170, 6, 'IT', 18, 15.58, '2023-10-31'),
(1771, 153, 54, 'IT', 5, 42.75, '2023-11-01'),
(1772, 167, 64, 'DE', 9, 10.92, '2023-11-02'),
(1773, 198, 66, 'DE', 7, 17.019, '2023-11-03'),
(1774, 172, 1, 'FR', 16, 21, '2023-11-04'),
(1775, 179, 79, 'DE', 13, 35.67, '2023-11-05'),
(1776, 143, 101, 'DE', 11, 28.48, '2023-11-06'),
(1777, 194, 61, 'IT', 11, 15.13, '2023-11-07'),
(1778, 109, 33, 'FR', 11, 16.643, '2023-11-08'),
(1779, 196, 84, 'IT', 11, 10.68, '2023-11-09'),
(1780, 136, 8, 'DE', 19, 17.01, '2023-11-10'),
(1781, 165, 13, 'DE', 8, 50.6, '2023-11-11'),
(1782, 115, 10, 'DE', 19, 21.87, '2023-11-12'),
(1783, 200, 67, 'IT', 5, 15.39, '2023-11-13'),
(1784, 193, 92, 'DE', 15, 12.75, '2023-11-14'),
(1785, 139, 74, 'IT', 16, 10.08, '2023-11-15'),
(1786, 201, 12, 'DE', 11, 18.69, '2023-11-16'),
(1787, 158, 83, 'FR', 18, 29.52, '2023-11-17'),
(1788, 123, 13, 'DE', 14, 44.72, '2023-11-18'),
(1789, 116, 31, 'DE', 14, 43.86, '2023-11-19'),
(1790, 179, 60, 'IT', 17, 34.03, '2023-11-20'),
(1791, 109, 39, 'DE', 16, 15.708, '2023-11-21'),
(1792, 182, 77, 'FR', 11, 11.57, '2023-11-22'),
(1793, 115, 72, 'IT', 17, 22.41, '2023-11-23'),
(1794, 157, 69, 'DE', 5, 53.2, '2023-11-24'),
(1795, 203, 63, 'DE', 15, 19.55, '2023-11-25'),
(1796, 126, 27, 'IT', 19, 33.21, '2023-11-26'),
(1797, 183, 92, 'IT', 9, 8.19, '2023-11-27'),
(1798, 116, 87, 'FR', 13, 44.37, '2023-11-28'),
(1799, 104, 18, 'DE', 6, 14.1, '2023-11-29'),
(1800, 168, 51, 'DE', 11, 28.48, '2023-11-30'),
(1801, 117, 62, 'DE', 18, 17.22, '2023-12-01'),
(1802, 118, 4, 'FR', 15, 55.25, '2023-12-02'),
(1803, 205, 2, 'DE', 8, 7.82, '2023-12-03'),
(1804, 184, 2, 'FR', 9, 10.92, '2023-12-04'),
(1805, 172, 14, 'FR', 9, 22.75, '2023-12-04'),
(1806, 106, 51, 'DE', 19, 10.125, '2023-12-04'),
(1807, 132, 23, 'FR', 18, 9.84, '2023-12-04'),
(1808, 160, 31, 'IT', 14, 36.12, '2023-12-08'),
(1809, 108, 30, 'IT', 5, 11.685, '2023-12-09'),
(1810, 179, 97, 'DE', 4, 39.36, '2023-12-10'),
(1811, 197, 2, 'IT', 14, 15.05, '2023-12-11'),
(1812, 137, 47, 'IT', 2, 17.64, '2023-12-12'),
(1813, 169, 35, 'FR', 3, 23.28, '2023-12-13'),
(1814, 197, 34, 'FR', 9, 15.925, '2023-12-14'),
(1815, 157, 8, 'FR', 2, 54.88, '2023-12-15'),
(1816, 154, 27, 'DE', 12, 13.2, '2023-12-16'),
(1817, 162, 89, 'IT', 4, 26.88, '2023-12-17'),
(1818, 157, 82, 'DE', 6, 52.64, '2023-12-18'),
(1819, 121, 3, 'FR', 11, 51.62, '2023-12-19'),
(1820, 168, 27, 'FR', 5, 30.4, '2023-12-20'),
(1821, 175, 86, 'DE', 7, 28.83, '2023-12-21'),
(1822, 102, 17, 'IT', 16, 20.496, '2023-12-22'),
(1823, 159, 46, 'FR', 7, 28.83, '2023-12-23'),
(1824, 203, 76, 'FR', 10, 20.7, '2023-12-24'),
(1825, 109, 2, 'FR', 10, 16.83, '2023-12-25'),
(1826, 178, 104, 'FR', 4, 39.36, '2023-12-26'),
(1827, 159, 65, 'FR', 4, 29.76, '2023-12-27'),
(1828, 162, 35, 'FR', 19, 22.68, '2023-12-28'),
(1829, 157, 53, 'IT', 9, 50.96, '2023-12-29'),
(1830, 132, 51, 'DE', 6, 11.28, '2023-12-30'),
(1831, 117, 15, 'IT', 1, 20.79, '2023-12-31')
;